time,latitude,longitude,depth,magnitude,place
1735672718701,9.134,40.1818,10.0,4.8,"16 km N of Āwash, Ethiopia"
1735670247710,9.7378,40.0018,10.0,4.3,"27 km S of Abomsa, Ethiopia"
1735662514721,8.8779,39.9495,10.0,4.4,"4 km SE of Metahāra, Ethiopia"
1735662048662,9.3999,40.0826,10.0,4.3,"46 km NNW of Āwash, Ethiopia"
1735651768170,9.1482,40.0092,10.0,4.3,"25 km NW of Āwash, Ethiopia"
1735644563161,9.5164,40.1306,10.0,4.2,"54 km SSE of Abomsa, Ethiopia"
1735629603346,8.9474,39.9384,10.0,4.3,"5 km NNE of Metahāra, Ethiopia"
1735623871948,9.1861,39.9108,10.0,4.5,"31 km N of Metahāra, Ethiopia"
1735609121630,9.2189,40.0424,10.07,4.5,"29 km NNW of Āwash, Ethiopia"
1735601459745,9.0823,39.935,10.0,4.7,"20 km N of Metahāra, Ethiopia"
1735596801609,9.8117,40.2677,10.0,4.8,"36 km ESE of Abomsa, Ethiopia"
1735591731372,9.8159,40.3329,10.0,4.5,"42 km ESE of Abomsa, Ethiopia"
1735590790883,9.1781,40.0113,10.0,4.6,"27 km NW of Āwash, Ethiopia"
1735590454680,9.0192,40.1872,10.0,4.7,"4 km NNE of Āwash, Ethiopia"
1735568812836,8.6333,39.9575,10.0,4.6,"29 km S of Metahāra, Ethiopia"
1735561200904,8.4312,39.8921,10.0,4.5,"46 km ENE of Sīrē, Ethiopia"
1735547446127,8.6227,39.8402,10.0,4.4,"31 km SSW of Metahāra, Ethiopia"
1735544541717,8.7404,40.188,10.0,4.5,"26 km S of Āwash, Ethiopia"
1735541491439,9.0478,40.0586,10.0,4.6,"13 km WNW of Āwash, Ethiopia"
1735535518059,9.0411,40.0925,10.0,4.4,"10 km NW of Āwash, Ethiopia"
1735518534595,8.9596,40.3151,10.0,4.6,"16 km E of Āwash, Ethiopia"
1735514212655,8.3287,40.1746,10.0,4.4,"65 km SW of Gelemso, Ethiopia"
1735510841541,9.3016,40.0929,10.0,5.1,"36 km NNW of Āwash, Ethiopia"
1735492891196,9.1378,40.0074,10.0,4.3,"24 km NW of Āwash, Ethiopia"
1735492244665,9.1111,40.1732,10.0,4.9,"14 km N of Āwash, Ethiopia"
1735489295798,9.0668,40.1933,10.0,4.4,"9 km NNE of Āwash, Ethiopia"
1735456753852,9.2182,40.0833,10.0,4.4,"27 km NNW of Āwash, Ethiopia"
1735444644642,9.2656,40.0594,10.0,4.8,"33 km NNW of Āwash, Ethiopia"
1735408264052,9.3117,40.0753,10.0,4.3,"37 km NNW of Āwash, Ethiopia"
1735407010338,9.1341,39.9851,10.0,4.3,"26 km NW of Āwash, Ethiopia"
1735371797995,9.7506,40.0356,10.0,4.5,"26 km SSE of Abomsa, Ethiopia"
1735362732727,9.2758,40.0229,10.0,4.6,"36 km NNW of Āwash, Ethiopia"
1735349578794,9.7973,39.875,10.0,4.4,"13 km ESE of Debre Sīna, Ethiopia"
1735319889878,9.0786,39.8964,10.0,4.4,"19 km N of Metahāra, Ethiopia"
1735313187310,9.2393,40.0006,10.0,4.7,"33 km NNW of Āwash, Ethiopia"
1735274766754,9.4345,40.0472,10.0,4.4,"51 km NNW of Āwash, Ethiopia"
1735264850598,9.165,39.9443,10.0,4.9,"29 km N of Metahāra, Ethiopia"
1735230539217,9.0593,39.9837,10.0,4.5,"19 km NNE of Metahāra, Ethiopia"
1735041915572,8.9435,40.1637,10.0,4.5,"4 km S of Āwash, Ethiopia"
1735033549120,8.8402,40.0744,10.0,4.5,"18 km ESE of Metahāra, Ethiopia"
1734982885327,9.0015,39.9808,10.0,4.9,"13 km NNE of Metahāra, Ethiopia"
1734916433775,8.9675,40.1189,10.154,4.6,"5 km WSW of Āwash, Ethiopia"
1734912673150,8.256,39.9879,10.0,4.3,"55 km E of Sīrē, Ethiopia"
1730581453578,9.2356,40.1179,10.0,4.7,"28 km N of Āwash, Ethiopia"
1730495602300,9.2572,40.1009,10.0,4.6,"31 km NNW of Āwash, Ethiopia"
1730487329383,8.9786,40.1166,10.0,4.6,"5 km W of Āwash, Ethiopia"
1729945322706,9.0897,39.9217,10.0,4.8,"20 km N of Metahāra, Ethiopia"
1729945298972,9.1078,39.8591,10.0,4.7,"23 km NNW of Metahāra, Ethiopia"
1729944837837,9.2047,40.0642,10.0,4.4,"26 km NNW of Āwash, Ethiopia"
1729505502797,12.1849,45.9255,10.0,4.6,"116 km SE of Aden, Yemen"
1729156207969,9.0536,40.0971,10.0,4.5,"10 km NW of Āwash, Ethiopia"
1729109488237,9.148,40.1287,10.0,4.6,"18 km NNW of Āwash, Ethiopia"
1728794272026,9.0816,39.9608,10.0,4.6,"20 km NNE of Metahāra, Ethiopia"
1728325200591,9.1173,40.1096,10.0,4.2,"16 km NNW of Āwash, Ethiopia"
1728234604271,9.2414,40.1774,10.0,5.2,"28 km N of Āwash, Ethiopia"
1728075481797,12.5459,47.2294,10.0,4.3,"186 km NW of Las Khorey, Somalia"
1728007880023,8.7348,40.0439,10.0,4.3,"23 km SE of Metahāra, Ethiopia"
1727664273489,9.1058,40.0807,10.0,4.5,"16 km NW of Āwash, Ethiopia"
1727480874748,9.0388,40.0402,10.266,4.5,"15 km WNW of Āwash, Ethiopia"
1727480724450,8.8155,40.077,8.867,4.5,"19 km ESE of Metahāra, Ethiopia"
1727439605360,8.9458,39.9599,10.0,4.5,"6 km NE of Metahāra, Ethiopia"
1727411779941,8.8728,39.9797,10.0,4.9,"7 km ESE of Metahāra, Ethiopia"
1720283816367,11.6691,39.6808,9.611,4.4,"38 km S of Robīt, Ethiopia"
1715549769854,5.2858,36.7419,10.0,4.9,"41 km SSE of Jinka, Ethiopia"
1710572970198,14.0351,41.1815,9.852,4.5,"56 km WNW of Edd, Eritrea"
1710409833579,14.0645,41.1232,10.0,4.6,"63 km WNW of Edd, Eritrea"
1709280585939,12.5345,47.4751,10.0,4.8,"171 km NNW of Las Khorey, Somalia"
1707585201594,11.7795,43.1953,10.25,4.3,"21 km NNE of Djibouti, Djibouti"
1707263229313,11.5896,43.2868,10.0,3.9,"14 km NNE of Loyada, Djibouti"
1707243885956,11.6183,43.3534,10.0,4.4,"20 km NNE of Loyada, Djibouti"
1706995566228,11.6411,43.3714,10.0,4.4,"23 km NNE of Loyada, Djibouti"
1706982341919,11.5815,43.2833,10.0,4.2,"13 km NNE of Loyada, Djibouti"
1706975031863,12.1074,46.3247,10.0,4.2,"152 km SE of Zinjibār, Yemen"
1706202043411,11.7346,43.3724,10.0,5.4,"27 km SSE of Obock, Djibouti"
1702813766931,12.3697,47.4871,10.0,4.9,"154 km NNW of Las Khorey, Somalia"
1702156346701,12.3137,47.4362,10.0,4.2,"152 km NNW of Las Khorey, Somalia"
1702156281360,12.8231,47.2505,10.0,4.1,"174 km SSE of Khimār, Yemen"
1702003673506,12.3568,47.2353,10.0,4.2,"168 km NW of Las Khorey, Somalia"
1701981798640,12.331,47.4673,10.0,4.6,"152 km NNW of Las Khorey, Somalia"
1701960542224,12.2214,47.4657,10.0,5.1,"141 km NW of Las Khorey, Somalia"
1701873560118,12.3087,47.4891,10.0,4.2,"148 km NNW of Las Khorey, Somalia"
1701866921265,12.3695,47.2617,10.0,4.1,"168 km NW of Las Khorey, Somalia"
1701866099965,12.3645,47.4911,10.0,4.5,"153 km NNW of Las Khorey, Somalia"
1701857424457,12.4332,47.4346,10.0,4.5,"163 km NNW of Las Khorey, Somalia"
1701855809098,12.3797,47.463,10.0,4.4,"156 km NNW of Las Khorey, Somalia"
1701854884583,12.4974,47.3634,10.0,4.5,"173 km NNW of Las Khorey, Somalia"
1701850829482,12.298,47.5054,10.0,4.5,"146 km NNW of Las Khorey, Somalia"
1701844775489,12.0461,47.5582,10.0,4.3,"120 km NW of Las Khorey, Somalia"
1701842506537,12.2697,47.3635,10.0,4.3,"152 km NW of Las Khorey, Somalia"
1701840332749,12.4425,47.4342,10.0,4.0,"164 km NNW of Las Khorey, Somalia"
1701838303777,12.3559,47.4467,10.0,4.3,"155 km NNW of Las Khorey, Somalia"
1701837124484,12.1077,47.6237,10.0,4.0,"122 km NNW of Las Khorey, Somalia"
1701836693263,12.4007,47.4127,10.0,4.3,"161 km NNW of Las Khorey, Somalia"
1701836543381,12.4016,47.354,10.0,4.1,"165 km NW of Las Khorey, Somalia"
1701836280512,12.3744,47.4037,10.0,4.4,"159 km NNW of Las Khorey, Somalia"
1701833434763,12.5155,47.2894,10.0,4.3,"179 km NNW of Las Khorey, Somalia"
1701831740996,12.3997,47.4588,10.0,4.0,"159 km NNW of Las Khorey, Somalia"
1701831241073,12.3721,47.5348,10.0,4.1,"152 km NNW of Las Khorey, Somalia"
1701826143423,12.6017,46.9089,10.0,4.2,"175 km ESE of Zinjibār, Yemen"
1701816680712,12.2527,47.448,10.0,4.9,"145 km NW of Las Khorey, Somalia"
1701814494538,12.3713,47.3961,10.0,4.1,"159 km NNW of Las Khorey, Somalia"
1701814242184,12.1988,47.4465,10.0,4.4,"141 km NW of Las Khorey, Somalia"
1701807593740,12.3408,47.4887,10.0,5.4,"151 km NNW of Las Khorey, Somalia"
1701805261729,12.2388,47.3307,10.0,4.2,"152 km NW of Las Khorey, Somalia"
1701802765474,12.1735,47.4035,10.0,4.3,"141 km NW of Las Khorey, Somalia"
1701801598021,12.6777,47.3319,10.0,4.1,"192 km NNW of Las Khorey, Somalia"
1701800207248,12.4318,47.1509,10.0,4.3,"181 km NW of Las Khorey, Somalia"
1701799832768,12.0462,47.3761,10.0,4.5,"132 km NW of Las Khorey, Somalia"
1701796684195,12.1648,47.3993,10.0,4.4,"141 km NW of Las Khorey, Somalia"
1701778888686,12.2394,47.5434,10.0,4.5,"139 km NNW of Las Khorey, Somalia"
1701776660577,12.4211,47.4796,10.0,4.8,"159 km NNW of Las Khorey, Somalia"
1701772871983,12.4036,47.4369,10.0,4.6,"160 km NNW of Las Khorey, Somalia"
1701761493611,12.3004,47.4452,9.0,5.6,"150 km NNW of Las Khorey, Somalia"
1701756145631,12.2103,47.1996,10.0,4.5,"159 km NW of Las Khorey, Somalia"
1701747059878,12.2881,47.3087,10.0,4.4,"157 km NW of Las Khorey, Somalia"
1701746554767,12.2421,47.3338,10.0,4.3,"152 km NW of Las Khorey, Somalia"
1701746419593,12.2791,47.342,10.0,4.2,"154 km NW of Las Khorey, Somalia"
1701745684746,12.4057,47.3142,10.0,4.2,"168 km NW of Las Khorey, Somalia"
1701745501880,12.2476,47.2973,10.0,4.4,"155 km NW of Las Khorey, Somalia"
1701745356258,12.1682,47.3924,10.0,4.2,"141 km NW of Las Khorey, Somalia"
1701743784756,12.3665,47.2776,10.0,4.2,"166 km NW of Las Khorey, Somalia"
1701743533174,12.2385,47.2868,10.0,4.2,"155 km NW of Las Khorey, Somalia"
1701743308523,12.2766,47.2741,10.0,4.0,"159 km NW of Las Khorey, Somalia"
1699684010471,5.164,36.8056,10.0,4.9,"41 km ENE of Turmi, Ethiopia"
1699666809789,5.2631,36.844,10.0,4.5,"47 km SSE of Jinka, Ethiopia"
1698894307654,11.9705,47.3672,10.0,4.4,"127 km NW of Las Khorey, Somalia"
1698274263949,11.7874,43.0741,11.57,4.4,"20 km E of Tadjourah, Djibouti"
1697693447138,14.6162,40.6242,10.0,4.5,"130 km ENE of Ādīgrat, Ethiopia"
1696739864382,8.9936,39.8814,10.0,4.4,"11 km NNW of Metahāra, Ethiopia"
1695947127623,11.7873,43.1156,10.0,4.4,"22 km N of Djibouti, Djibouti"
1695880392444,11.6384,43.23,10.839,4.6,"10 km ENE of Djibouti, Djibouti"
1695864125506,11.7134,43.1605,10.727,4.6,"13 km N of Djibouti, Djibouti"
1689202262864,12.5646,47.899,10.0,4.3,"158 km NNW of Las Khorey, Somalia"
1688597529686,14.5505,39.9141,10.0,4.3,Eritrea-Ethiopia border region
1688327934428,14.5513,39.7597,10.0,4.2,"44 km NE of Ādīgrat, Ethiopia"
1688316678011,14.6374,40.011,10.0,4.2,"71 km NE of Ādīgrat, Ethiopia"
1688292714090,14.6721,40.0081,10.0,4.0,"70 km ESE of Adi Keyh, Eritrea"
1688282220772,14.6607,39.9127,10.0,4.3,"61 km ESE of Adi Keyh, Eritrea"
1686843613135,12.8066,47.9474,10.0,4.9,"184 km N of Las Khorey, Somalia"
1686808493040,12.4594,47.9566,10.0,4.5,"146 km N of Las Khorey, Somalia"
1685929435410,12.6288,47.9576,10.0,4.6,"164 km N of Las Khorey, Somalia"
1685852087646,14.5343,39.8828,10.0,4.7,"53 km ENE of Ādīgrat, Ethiopia"
1685787355032,12.4621,47.9835,10.0,5.6,"145 km N of Las Khorey, Somalia"
1685785415100,12.7078,47.9368,10.0,4.6,"173 km N of Las Khorey, Somalia"
1685782563580,12.558,47.9369,10.0,4.5,"157 km N of Las Khorey, Somalia"
1684500327327,5.4953,36.106,10.0,4.3,"60 km WSW of Bako, Ethiopia"
1683857315071,11.6893,45.3895,10.0,4.4,"126 km SSE of Aden, Yemen"
1683545788384,11.696,35.9852,10.166,4.4,Ethiopia
1683427879945,10.0216,40.9514,10.0,4.3,"37 km ESE of Gewanē, Ethiopia"
1681511869290,14.6335,40.7493,10.0,4.6,"128 km NW of Edd, Eritrea"
1674738339651,11.6466,43.9274,10.0,4.8,"76 km ENE of Loyada, Djibouti"
1674689906714,12.5018,40.5205,10.0,4.3,"94 km NW of Semera, Ethiopia"
1674070092984,11.4722,43.2172,9.472,4.5,"4 km WNW of Loyada, Djibouti"
1672840279455,5.3714,36.8629,10.0,4.4,"38 km SE of Jinka, Ethiopia"
1672244096966,14.6191,39.9519,10.0,5.1,"64 km NE of ?d?grat, Ethiopia"
1672238117249,14.6695,39.8764,10.0,4.4,"57 km ESE of Adi Keyh, Eritrea"
1672236145916,14.6133,39.9196,10.0,4.4,"61 km NE of ?d?grat, Ethiopia"
1672192800321,14.5572,39.8087,10.0,4.3,Eritrea-Ethiopia border region
1672072033762,14.3833,39.7343,10.0,4.4,"31 km ENE of ?d?grat, Ethiopia"
1672063792414,14.5316,39.8811,10.0,4.3,"53 km ENE of ?d?grat, Ethiopia"
1672057267723,14.5212,40.0211,10.0,5.5,"66 km ENE of ?d?grat, Ethiopia"
1668380164203,12.1509,46.5755,10.0,4.4,"168 km SE of Zinjib?r, Yemen"
1667176103279,14.6283,39.8617,7.948,4.2,"57 km ESE of Adi Keyh, Eritrea"
1665961680510,14.8239,42.4381,10.0,4.4,"55 km W of Al ?udaydah, Yemen"
1657534629681,12.1575,46.9584,10.0,4.6,"174 km NW of Las Khorey, Somalia"
1648996977179,5.708,36.8607,10.0,4.3,"24 km ENE of Jinka, Ethiopia"
1648733675763,12.5298,47.3867,10.0,4.3,"175 km NNW of Las Khorey, Somalia"
1646769102187,10.1608,41.5797,10.0,4.3,"70 km NNW of Dire Dawa, Ethiopia"
1643460452071,4.7496,35.4166,10.0,4.5,"76 km W of Lobuni, Ethiopia"
1635294958270,10.4691,41.519,10.0,4.4,"101 km ENE of Gewan?, Ethiopia"
1635085583246,10.1505,41.4644,10.0,4.6,Ethiopia
1634595692032,10.1039,41.5128,10.0,4.5,"68 km NW of Dire Dawa, Ethiopia"
1634319745058,9.9993,41.614,8.66,4.5,"52 km NNW of Dire Dawa, Ethiopia"
1624015745834,12.4004,47.326,10.0,4.5,"166 km NW of Las Khorey, Somalia"
1621059214513,9.1826,39.6144,10.0,4.0,"45 km NW of Metah?ra, Ethiopia"
1619153687872,9.4032,42.0914,10.0,4.2,"10 km NNW of Harar, Ethiopia"
1598909963073,11.5438,43.9174,10.0,4.4,"73 km E of Loyada, Djibouti"
1591542720543,12.7132,47.6592,10.0,4.6,"181 km NNW of Las Khorey, Somalia"
1579490399176,10.5658,39.8762,10.0,4.5,"16 km S of Kemis?, Ethiopia"
1567755829367,12.2878,47.2806,10.0,4.5,"159 km NW of Las Khorey, Somalia"
1561904792307,13.4093,40.6697,9.97,4.5,"124 km WSW of Edd, Eritrea"
1558092218539,11.9015,46.0336,10.0,4.6,"145 km SE of Aden, Yemen"
1558018504015,11.7188,46.5794,10.0,4.4,"149 km NW of Ceerigaabo, Somalia"
1557922260413,12.1472,46.162,10.0,5.1,"137 km SE of Zinjib?r, Yemen"
1523836787500,12.1749,46.4446,10.0,4.4,"156 km SE of Zinjib?r, Yemen"
1521887252230,13.4048,40.0116,10.0,5.2,"58 km E of Mek'ele, Ethiopia"
1515497167340,11.3467,46.0842,10.0,4.4,"154 km NE of Berbera, Somalia"
1507922329640,12.3491,47.2411,10.0,4.2,"167 km NW of Las Khorey, Somalia"
1507921617650,12.3419,47.2358,10.0,4.3,"167 km NW of Las Khorey, Somalia"
1507915330140,12.3105,47.2538,10.0,4.4,"163 km NW of Las Khorey, Somalia"
1504756221960,12.0504,46.1149,10.0,4.9,"142 km SE of Aden, Yemen"
1503638430340,12.3591,42.006,10.0,4.5,"56 km WNW of Dorra, Djibouti"
1497736032520,11.8198,43.8993,10.0,4.3,"68 km ESE of Obock, Djibouti"
1492166695080,11.823,43.2572,10.0,4.7,"16 km SSW of Obock, Djibouti"
1492149197820,11.7919,43.3797,2.35,4.7,"21 km SSE of Obock, Djibouti"
1485534562570,7.671,38.6682,10.0,5.3,"29 km S of Ziway, Ethiopia"
1477297286470,12.3752,47.0577,10.0,4.2,"183 km NW of Las Khorey, Somalia"
1473786483860,14.8196,44.2894,7.46,4.0,"33 km NNW of Dham?r, Yemen"
1470419806350,12.1427,45.6487,15.14,4.2,"96 km SE of Aden, Yemen"
1468967586680,13.5621,45.5838,10.0,4.2,"37 km NNE of Ahl Mohammed bin Ahmed, Yemen"
1464111808690,14.0889,45.3292,10.0,4.9,"28 km WNW of Al Bayda, Yemen"
1463246712560,11.6018,42.8759,8.53,4.3,"8 km NNE of Arta, Djibouti"
1463246441370,11.505,42.8671,4.23,4.2,"2 km SE of Arta, Djibouti"
1454014836380,12.3983,47.3986,10.0,4.4,"162 km NNW of Las Khorey, Somalia"
1453660472450,7.0885,38.4794,10.0,4.4,"2 km N of Hawassa, Ethiopia"
1446078936320,9.0216,39.7736,16.76,4.3,"20 km NW of Metah?ra, Ethiopia"
1443504686180,11.5672,43.3135,5.91,4.6,"13 km NNE of Loyada, Djibouti"
1437152261100,12.0532,46.3672,10.0,4.2,"160 km SE of Zinjib?r, Yemen"
1436974387460,12.0845,46.4249,10.0,4.1,"161 km SE of Zinjib?r, Yemen"
1436965562890,12.0258,46.3268,12.37,4.3,"159 km SE of Zinjib?r, Yemen"
1436846898450,12.0653,46.2308,15.34,4.1,"149 km SE of Zinjib?r, Yemen"
1436846055620,12.0329,46.23,13.64,4.4,"152 km SE of Zinjib?r, Yemen"
1436834058660,11.9528,46.3617,10.0,4.3,"168 km SE of Zinjib?r, Yemen"
1436831084550,11.8697,46.2552,10.0,4.6,"166 km SE of Aden, Yemen"
1436806465480,12.1896,46.1956,14.96,4.5,"136 km SE of Zinjib?r, Yemen"
1436806348140,12.0873,46.2116,10.0,4.7,"146 km SE of Zinjib?r, Yemen"
1436806267710,12.1715,46.2295,10.0,4.8,"140 km SE of Zinjib?r, Yemen"
1436795774060,12.241,46.1392,15.18,4.3,"128 km SE of Zinjib?r, Yemen"
1436787051390,11.9165,46.3159,16.1,4.8,"168 km SE of Zinjib?r, Yemen"
1436786044200,11.9371,46.3703,14.31,5.0,"170 km SE of Zinjib?r, Yemen"
1436785978450,11.7891,46.3591,15.49,4.8,"170 km NW of Ceerigaabo, Somalia"
1436408173240,11.9429,46.5731,15.22,4.5,"170 km NNW of Ceerigaabo, Somalia"
1436408115840,12.0756,46.2207,14.94,4.4,"147 km SE of Zinjib?r, Yemen"
1435047349320,11.1668,42.3207,16.13,4.4,"9 km NW of Dikhil, Djibouti"
1432968508520,11.6874,43.1616,7.28,4.7,"11 km N of Djibouti, Djibouti"
1429009469430,11.7894,44.0601,10.0,4.6,"86 km ESE of Obock, Djibouti"
1427804993340,7.8935,38.1148,10.0,4.2,Ethiopia
1426640958000,13.9749,45.9273,10.0,4.4,"18 km NNE of Jawf al Maqb?bah, Yemen"
1419869392230,7.411,38.8101,10.68,4.4,"32 km NE of Shashemen?, Ethiopia"
1418510239200,11.479,41.6783,14.55,4.6,"27 km ESE of Asaita, Ethiopia"
1415128527690,11.6578,44.0843,9.49,4.1,"93 km ESE of Obock, Djibouti"
1412657928640,12.2613,46.959,13.55,4.3,"181 km NW of Las Khorey, Somalia"
1408696949920,14.5128,39.8855,10.0,4.3,"52 km ENE of ?d?grat, Ethiopia"
1403268131850,10.6937,38.9343,10.0,4.2,"56 km WNW of Were ?lu, Ethiopia"
1400551550510,11.2336,41.903,16.37,4.1,"52 km WNW of Dikhil, Djibouti"
1396151630830,14.4812,39.73,16.48,4.6,"36 km NE of ?d?grat, Ethiopia"
1392107609860,4.8693,34.7645,10.0,4.4,"130 km E of Kapoeta, South Sudan"
1373535970860,12.666,47.974,10.0,5.0,"168 km N of Las Khorey, Somalia"
1373527575560,12.757,47.829,10.0,4.0,"181 km NNW of Las Khorey, Somalia"
1368222982480,14.788,42.196,10.0,4.4,"81 km W of Al ?udaydah, Yemen"
1365826784410,12.687,47.957,9.2,4.3,"170 km N of Las Khorey, Somalia"
1358126096910,12.52,47.417,10.0,4.5,"172 km NNW of Las Khorey, Somalia"
1354557137340,14.875,42.229,10.0,4.7,"78 km W of Al ?udaydah, Yemen"
1354446580680,11.891,45.787,10.0,4.3,"127 km SE of Aden, Yemen"
1347138699650,11.712,43.289,10.0,4.4,"20 km NE of Djibouti, Djibouti"
1346877392910,12.084,46.238,10.0,5.1,"148 km SE of Zinjib?r, Yemen"
1343451655200,12.357,47.354,10.0,4.5,"161 km NW of Las Khorey, Somalia"
1343451271010,12.498,47.214,10.0,4.3,"182 km NW of Las Khorey, Somalia"
1341159553480,13.347,41.787,10.0,4.8,"65 km S of Edd, Eritrea"
1327266215950,3.678,36.091,10.0,5.2,"82 km NE of Lodwar, Kenya"
1324810100240,13.452,40.806,10.0,4.6,"109 km WSW of Edd, Eritrea"
1322878482330,4.596,36.713,10.0,5.1,"48 km SSE of Turmi, Ethiopia"
1319700387690,11.731,44.208,10.0,4.6,"103 km ESE of Obock, Djibouti"
1319321287280,11.665,44.164,10.0,4.0,"101 km ESE of Obock, Djibouti"
1319319042540,11.872,44.11,10.0,4.8,"90 km E of Obock, Djibouti"
1319313826930,11.774,44.188,10.0,4.7,"100 km ESE of Obock, Djibouti"
1319313812710,11.675,44.249,10.0,4.3,"109 km ESE of Obock, Djibouti"
1319245090200,11.427,44.243,10.0,4.4,"108 km E of Loyada, Djibouti"
1319243974170,11.802,44.127,10.0,4.1,"93 km ESE of Obock, Djibouti"
1319242404080,11.758,44.222,10.0,4.1,"104 km ESE of Obock, Djibouti"
1319239154750,11.824,44.188,10.0,4.9,"99 km E of Obock, Djibouti"
1319234554300,11.64,44.091,10.0,4.4,"93 km ENE of Loyada, Djibouti"
1319227798450,11.76,44.172,10.0,4.8,"98 km ESE of Obock, Djibouti"
1319211613140,11.908,44.147,10.0,4.9,"93 km E of Obock, Djibouti"
1319200491670,11.841,44.213,10.0,4.8,"101 km E of Obock, Djibouti"
1319185032000,11.539,44.137,10.0,4.8,"96 km E of Loyada, Djibouti"
1319179903320,11.593,44.076,10.0,4.3,"90 km E of Loyada, Djibouti"
1318813405610,7.643,37.868,10.0,4.4,Ethiopia
1314092068250,11.925,43.91,10.0,4.6,"67 km E of Obock, Djibouti"
1314075412870,12.01,44.089,10.0,4.9,"87 km E of Obock, Djibouti"
1312327472920,9.979,43.087,10.0,5.0,"34 km WNW of Baki, Somalia"
1311455247250,12.867,47.816,10.0,4.1,"193 km NNW of Las Khorey, Somalia"
1308302172570,13.303,41.732,10.0,5.6,"69 km S of Edd, Eritrea"
1307914915800,13.377,41.62,2.5,4.6,"61 km S of Edd, Eritrea"
1307914633320,13.213,41.792,12.2,4.5,"80 km S of Edd, Eritrea"
1307914268720,13.34,41.542,13.1,4.6,"67 km SSW of Edd, Eritrea"
1307913431220,13.408,41.548,10.0,4.6,"59 km SSW of Edd, Eritrea"
1307912603160,13.53,41.641,10.0,5.4,"44 km S of Edd, Eritrea"
1307912298460,13.433,41.682,10.0,4.0,"55 km S of Edd, Eritrea"
1307910760490,13.414,41.735,10.0,5.6,"57 km S of Edd, Eritrea"
1307910186400,13.392,41.62,10.0,4.3,"60 km S of Edd, Eritrea"
1307909454780,13.153,41.661,10.0,4.1,"86 km S of Edd, Eritrea"
1307908663910,13.377,41.665,10.0,4.4,"61 km S of Edd, Eritrea"
1307907856310,13.409,41.711,10.0,4.8,"57 km S of Edd, Eritrea"
1307907483460,13.226,41.735,10.0,4.5,"78 km S of Edd, Eritrea"
1307907463850,13.441,41.667,10.0,4.8,"54 km S of Edd, Eritrea"
1307907079750,13.251,41.795,10.0,4.2,"76 km S of Edd, Eritrea"
1307906635520,13.312,41.72,10.0,4.6,"68 km S of Edd, Eritrea"
1307906510810,13.303,41.801,10.0,5.0,"70 km S of Edd, Eritrea"
1307905417210,13.428,41.727,10.0,4.2,"55 km S of Edd, Eritrea"
1307904972850,13.262,41.765,10.0,4.0,"74 km S of Edd, Eritrea"
1307904531500,13.353,41.818,10.0,4.0,"65 km SSE of Edd, Eritrea"
1307901681720,13.196,41.818,10.0,4.4,"82 km S of Edd, Eritrea"
1307900840290,13.332,41.693,10.0,4.7,"66 km S of Edd, Eritrea"
1307899478940,13.097,41.779,10.0,4.0,"92 km S of Edd, Eritrea"
1307899089640,13.344,41.766,10.0,4.8,"65 km S of Edd, Eritrea"
1307898634810,12.91,41.74,10.0,4.0,"108 km W of Assab, Eritrea"
1307898546310,12.969,41.023,10.0,4.5,"128 km SW of Edd, Eritrea"
1307898000600,13.311,41.696,10.0,4.2,"68 km S of Edd, Eritrea"
1307897460390,13.349,41.763,10.0,4.3,"64 km S of Edd, Eritrea"
1307897080870,13.337,41.659,10.0,4.7,"65 km S of Edd, Eritrea"
1307896390730,13.294,41.756,10.0,4.3,"70 km S of Edd, Eritrea"
1307896069900,13.305,41.654,10.0,4.8,"69 km S of Edd, Eritrea"
1307895884070,13.398,41.726,10.0,4.8,"59 km S of Edd, Eritrea"
1307895731160,13.282,41.716,10.0,4.2,"71 km S of Edd, Eritrea"
1307895123180,13.322,41.781,12.5,4.7,"68 km S of Edd, Eritrea"
1307894970950,13.331,41.76,10.0,4.5,"66 km S of Edd, Eritrea"
1307893132000,13.339,41.637,10.0,4.0,"65 km S of Edd, Eritrea"
1307893024110,13.42,41.694,1.9,5.1,"56 km S of Edd, Eritrea"
1307729814400,12.467,47.647,10.0,4.7,"156 km NNW of Las Khorey, Somalia"
1307728017690,12.435,47.609,10.0,4.4,"154 km NNW of Las Khorey, Somalia"
1307646146970,12.428,47.5,10.0,4.6,"159 km NNW of Las Khorey, Somalia"
1307059126160,11.672,44.037,10.0,4.0,"87 km ESE of Obock, Djibouti"
1307056875860,12.034,43.889,10.0,4.2,"65 km E of Obock, Djibouti"
1306802180340,12.409,47.29,10.7,4.5,"169 km NW of Las Khorey, Somalia"
1305437084570,11.957,44.348,10.0,4.0,"115 km E of Obock, Djibouti"
1303205874750,11.819,44.023,10.0,4.7,"81 km ESE of Obock, Djibouti"
1303204083160,11.923,43.992,10.0,4.8,"76 km E of Obock, Djibouti"
1301596418040,13.17,41.829,6.5,4.5,"85 km S of Edd, Eritrea"
1301538287920,12.007,43.782,10.0,4.2,"53 km E of Obock, Djibouti"
1301449369170,11.993,44.061,10.0,4.9,"84 km E of Obock, Djibouti"
1301448472380,11.825,44.047,10.0,4.4,"84 km E of Obock, Djibouti"
1300565290360,6.659,38.521,10.0,5.0,"13 km ENE of Wendo, Ethiopia"
1300047404430,11.902,44.086,10.0,4.1,"87 km E of Obock, Djibouti"
1300030500220,11.865,44.006,10.0,4.9,"78 km E of Obock, Djibouti"
1300025289310,11.852,44.024,10.0,4.3,"81 km E of Obock, Djibouti"
1298672991780,11.649,44.282,10.0,4.2,"113 km ESE of Obock, Djibouti"
1298127755210,11.817,44.207,10.0,4.0,"101 km E of Obock, Djibouti"
1298114384350,11.654,44.119,10.0,4.3,"96 km ENE of Loyada, Djibouti"
1298057364990,11.682,44.137,10.0,4.7,"97 km ESE of Obock, Djibouti"
1298032036360,11.621,44.18,10.0,4.2,"102 km E of Loyada, Djibouti"
1297998141440,11.85,44.093,10.0,4.3,"88 km E of Obock, Djibouti"
1297979850670,11.752,44.139,10.0,4.0,"95 km ESE of Obock, Djibouti"
1297976603530,11.723,44.136,10.0,4.1,"96 km ESE of Obock, Djibouti"
1297942435350,11.63,44.104,10.0,4.4,"94 km ENE of Loyada, Djibouti"
1297531102910,11.882,44.016,10.0,4.3,"79 km E of Obock, Djibouti"
1296559472030,11.778,43.957,10.0,4.8,"75 km ESE of Obock, Djibouti"
1296359314110,11.944,43.868,10.0,4.8,"63 km E of Obock, Djibouti"
1296354523060,11.991,44.033,10.0,5.0,"81 km E of Obock, Djibouti"
1296353896920,11.676,44.059,10.0,4.1,"89 km ESE of Obock, Djibouti"
1295370149200,11.988,43.986,10.0,4.4,"76 km E of Obock, Djibouti"
1295368554660,11.9,44.07,10.0,4.8,"85 km E of Obock, Djibouti"
1295156271380,11.844,44.004,10.0,4.2,"79 km E of Obock, Djibouti"
1295152930360,11.738,44.072,10.0,4.0,"89 km ESE of Obock, Djibouti"
1294626597570,12.036,43.985,10.0,5.1,"76 km E of Obock, Djibouti"
1293833084350,11.884,44.059,10.0,4.8,"84 km E of Obock, Djibouti"
1293818972050,11.871,44.001,10.0,4.7,"78 km E of Obock, Djibouti"
1293647674470,11.715,44.016,10.0,4.3,"84 km ESE of Obock, Djibouti"
1292951800610,12.0,43.845,10.0,4.5,"60 km E of Obock, Djibouti"
1292786675940,12.029,44.012,10.0,4.6,"79 km E of Obock, Djibouti"
1292760864510,7.521,37.839,10.0,5.1,"3 km SSW of Hosa’ina, Ethiopia"
1292638176720,11.502,44.143,10.0,4.0,"97 km E of Loyada, Djibouti"
1292395980660,11.836,44.041,10.0,4.0,"83 km E of Obock, Djibouti"
1292184540170,11.837,43.988,10.0,4.2,"77 km E of Obock, Djibouti"
1292183959940,11.926,43.941,10.0,4.0,"71 km E of Obock, Djibouti"
1292076385480,11.927,43.983,10.0,5.0,"75 km E of Obock, Djibouti"
1292076137360,11.911,43.996,10.0,4.4,"77 km E of Obock, Djibouti"
1291640106020,11.925,44.1,10.0,4.7,"88 km E of Obock, Djibouti"
1291635286330,11.888,44.031,10.0,4.5,"81 km E of Obock, Djibouti"
1291516496010,11.898,44.024,10.0,4.4,"80 km E of Obock, Djibouti"
1291516310270,11.656,44.068,10.0,4.3,"91 km ENE of Loyada, Djibouti"
1291511249430,12.017,43.971,10.0,4.3,"74 km E of Obock, Djibouti"
1291296647390,11.866,44.06,10.0,4.3,"84 km E of Obock, Djibouti"
1291115150830,11.919,43.84,10.0,4.0,"60 km E of Obock, Djibouti"
1291109661500,11.955,43.966,10.0,4.4,"73 km E of Obock, Djibouti"
1290884703480,12.003,43.947,10.0,4.8,"71 km E of Obock, Djibouti"
1290882154820,11.596,43.925,10.0,4.8,"74 km ENE of Loyada, Djibouti"
1290724876480,11.869,44.036,10.0,4.7,"82 km E of Obock, Djibouti"
1290692637460,11.971,43.984,10.0,4.3,"75 km E of Obock, Djibouti"
1290669065690,11.782,44.049,10.0,4.6,"85 km ESE of Obock, Djibouti"
1290625750150,11.923,44.01,10.0,4.0,"78 km E of Obock, Djibouti"
1290605778580,11.968,44.043,10.0,4.6,"82 km E of Obock, Djibouti"
1290586847110,11.889,43.853,10.0,4.1,"62 km E of Obock, Djibouti"
1290544808880,10.239,42.775,10.0,4.1,"77 km WNW of Baki, Somalia"
1290522696440,11.923,43.686,10.0,4.4,"43 km E of Obock, Djibouti"
1290487628040,11.722,43.782,10.0,4.1,"60 km ESE of Obock, Djibouti"
1290463401380,11.812,43.796,0.6,4.6,"57 km ESE of Obock, Djibouti"
1290438602350,11.904,43.903,10.0,4.1,"67 km E of Obock, Djibouti"
1290378374390,12.023,44.136,14.7,4.9,"92 km E of Obock, Djibouti"
1290377544940,11.519,44.051,10.0,4.7,"87 km E of Loyada, Djibouti"
1290296314950,11.928,43.973,10.0,4.8,"74 km E of Obock, Djibouti"
1290295737060,11.798,43.961,10.0,4.0,"75 km ESE of Obock, Djibouti"
1290254037220,12.012,43.925,10.0,4.5,"69 km E of Obock, Djibouti"
1290218127700,11.827,44.018,10.0,4.6,"80 km E of Obock, Djibouti"
1290218110070,11.791,44.014,10.0,4.2,"81 km ESE of Obock, Djibouti"
1290047151370,11.922,43.947,10.0,4.8,"71 km E of Obock, Djibouti"
1290045413670,12.009,43.986,10.0,5.0,"76 km E of Obock, Djibouti"
1290026737120,11.992,43.943,10.0,4.5,"71 km E of Obock, Djibouti"
1290025709820,11.93,44.115,10.0,4.8,"90 km E of Obock, Djibouti"
1289982599460,11.734,43.899,10.0,4.0,"71 km ESE of Obock, Djibouti"
1289958311000,12.142,43.535,10.0,4.2,"33 km NE of Obock, Djibouti"
1289948315170,11.791,43.981,10.0,4.8,"77 km ESE of Obock, Djibouti"
1289948016920,11.843,43.949,8.8,4.7,"73 km E of Obock, Djibouti"
1289929103260,11.653,43.962,10.0,4.6,"80 km ENE of Loyada, Djibouti"
1289929043310,11.911,44.042,10.0,4.6,"82 km E of Obock, Djibouti"
1289922687090,12.03,44.0,10.0,4.9,"77 km E of Obock, Djibouti"
1289873215290,11.945,43.973,10.0,5.1,"74 km E of Obock, Djibouti"
1289873120980,12.0,43.961,10.0,4.8,"73 km E of Obock, Djibouti"
1289864129250,11.89,43.988,10.0,4.7,"76 km E of Obock, Djibouti"
1289863769760,11.765,43.833,10.0,4.6,"63 km ESE of Obock, Djibouti"
1289853847640,11.983,43.824,10.0,4.7,"58 km E of Obock, Djibouti"
1289850486810,11.873,43.843,10.0,4.5,"61 km E of Obock, Djibouti"
1289847764890,11.676,43.952,10.0,4.3,"79 km ESE of Obock, Djibouti"
1289846222440,11.824,43.937,10.0,4.8,"72 km ESE of Obock, Djibouti"
1289843645270,11.947,43.941,10.0,4.3,"71 km E of Obock, Djibouti"
1289828786590,11.764,43.88,10.0,4.4,"68 km ESE of Obock, Djibouti"
1289828692890,11.757,43.914,10.0,4.6,"72 km ESE of Obock, Djibouti"
1289828269840,12.014,43.946,10.0,4.3,"71 km E of Obock, Djibouti"
1289827639280,11.382,43.514,10.0,4.0,"29 km ESE of Loyada, Djibouti"
1289819539760,11.764,43.468,10.0,4.6,"29 km SE of Obock, Djibouti"
1289813005630,11.938,43.937,10.0,4.2,"70 km E of Obock, Djibouti"
1289806566920,11.934,44.001,10.0,5.0,"77 km E of Obock, Djibouti"
1289805185220,11.966,43.916,10.0,4.3,"68 km E of Obock, Djibouti"
1289804947290,11.938,43.881,10.0,4.6,"64 km E of Obock, Djibouti"
1289800416590,11.464,43.509,10.0,4.0,"27 km E of Loyada, Djibouti"
1289792645240,11.986,43.679,10.0,4.5,"42 km E of Obock, Djibouti"
1289791132070,11.834,43.925,10.0,4.4,"70 km ESE of Obock, Djibouti"
1289779876590,11.663,43.938,10.0,4.4,"78 km ENE of Loyada, Djibouti"
1289779644060,11.699,43.879,10.0,4.5,"70 km ESE of Obock, Djibouti"
1289779566110,11.906,43.818,10.0,4.6,"58 km E of Obock, Djibouti"
1289777134840,12.121,44.006,10.0,5.1,"79 km ENE of Obock, Djibouti"
1289773350110,11.916,43.579,10.0,5.3,"32 km E of Obock, Djibouti"
1289772500350,11.997,43.804,10.0,4.5,"56 km E of Obock, Djibouti"
1289770145520,11.815,43.937,4.9,4.8,"72 km ESE of Obock, Djibouti"
1289769284770,11.758,43.732,6.2,4.9,"53 km ESE of Obock, Djibouti"
1289768462820,11.801,44.026,3.9,4.3,"82 km ESE of Obock, Djibouti"
1289765986490,11.843,44.082,10.0,4.9,"87 km E of Obock, Djibouti"
1289765883170,11.916,43.618,10.0,5.1,"36 km E of Obock, Djibouti"
1289762144790,11.983,43.916,10.0,5.0,"68 km E of Obock, Djibouti"
1289760868710,12.014,44.017,10.0,4.7,"79 km E of Obock, Djibouti"
1289756357470,11.859,43.977,10.0,5.2,"75 km E of Obock, Djibouti"
1289755341520,11.776,43.721,10.0,4.3,"51 km ESE of Obock, Djibouti"
1289755153460,11.911,43.592,10.0,4.0,"33 km E of Obock, Djibouti"
1289755027770,11.874,43.74,10.0,5.1,"50 km ESE of Obock, Djibouti"
1289754167690,11.865,43.716,10.0,5.5,"47 km ESE of Obock, Djibouti"
1289753174420,11.811,43.939,10.0,4.2,"72 km ESE of Obock, Djibouti"
1289752398310,11.886,43.663,10.0,5.0,"41 km ESE of Obock, Djibouti"
1289750293210,11.888,43.912,10.0,4.2,"68 km E of Obock, Djibouti"
1289749020000,11.877,43.773,2.5,4.8,"53 km E of Obock, Djibouti"
1289748433120,11.757,43.709,8.7,4.5,"51 km ESE of Obock, Djibouti"
1289747706070,12.1,43.754,10.0,4.8,"52 km ENE of Obock, Djibouti"
1289747190610,11.906,43.648,11.5,5.2,"39 km E of Obock, Djibouti"
1289747114880,11.711,43.896,10.0,4.2,"72 km ESE of Obock, Djibouti"
1289746525760,12.041,43.797,13.0,5.4,"55 km E of Obock, Djibouti"
1289745982220,11.646,43.989,10.0,4.2,"82 km ENE of Loyada, Djibouti"
1289745708940,11.956,43.868,10.0,4.5,"63 km E of Obock, Djibouti"
1289745199230,11.948,43.821,10.0,5.3,"58 km E of Obock, Djibouti"
1289744860560,11.784,43.691,10.0,5.1,"48 km ESE of Obock, Djibouti"
1289743470780,11.971,43.932,10.0,5.2,"70 km E of Obock, Djibouti"
1289742603550,11.927,43.944,10.0,5.2,"71 km E of Obock, Djibouti"
1289742324940,11.665,43.954,10.0,4.2,"79 km ENE of Loyada, Djibouti"
1289740465500,11.733,43.78,10.0,4.6,"59 km ESE of Obock, Djibouti"
1289739761040,11.674,43.915,10.0,4.5,"75 km ESE of Obock, Djibouti"
1289739576650,11.693,43.662,10.0,4.1,"50 km SE of Obock, Djibouti"
1289739471560,11.776,43.919,10.0,4.3,"71 km ESE of Obock, Djibouti"
1289739389270,11.764,43.896,10.0,4.2,"69 km ESE of Obock, Djibouti"
1289738996110,11.863,43.764,10.0,5.0,"53 km ESE of Obock, Djibouti"
1289738911550,11.83,43.885,10.0,4.2,"66 km ESE of Obock, Djibouti"
1289738508570,11.96,43.901,10.0,4.9,"66 km E of Obock, Djibouti"
1289738451390,11.822,44.012,10.0,4.2,"80 km ESE of Obock, Djibouti"
1289738335290,11.73,43.942,10.0,4.7,"75 km ESE of Obock, Djibouti"
1289737035770,11.833,43.845,10.0,4.7,"62 km ESE of Obock, Djibouti"
1289736614030,11.829,43.877,10.0,4.5,"65 km ESE of Obock, Djibouti"
1289736046990,11.81,43.99,10.0,4.3,"78 km ESE of Obock, Djibouti"
1289735262150,11.563,43.803,10.0,4.1,"61 km E of Loyada, Djibouti"
1289735126590,11.839,43.845,10.0,4.1,"62 km ESE of Obock, Djibouti"
1289734976700,11.819,43.918,10.0,4.4,"70 km ESE of Obock, Djibouti"
1289734856550,11.815,43.828,10.0,4.4,"61 km ESE of Obock, Djibouti"
1289734218190,12.098,43.954,10.0,4.9,"73 km E of Obock, Djibouti"
1289734026450,11.835,44.037,10.0,4.3,"82 km E of Obock, Djibouti"
1289733561460,11.814,43.961,10.0,4.3,"75 km ESE of Obock, Djibouti"
1289733252520,11.78,44.022,10.0,4.5,"82 km ESE of Obock, Djibouti"
1289732981880,11.89,43.912,10.0,4.6,"68 km E of Obock, Djibouti"
1289732778380,11.796,43.874,10.0,4.5,"66 km ESE of Obock, Djibouti"
1289731067420,11.94,43.974,10.0,5.2,"74 km E of Obock, Djibouti"
1289731043620,11.939,44.018,10.0,4.6,"79 km E of Obock, Djibouti"
1289730866550,11.85,44.096,10.0,4.7,"88 km E of Obock, Djibouti"
1289729829530,11.763,43.926,10.0,4.1,Djibouti region
1289729805820,11.86,43.982,10.0,4.5,"76 km E of Obock, Djibouti"
1289729690490,11.9,44.044,10.0,4.4,"82 km E of Obock, Djibouti"
1289729576830,11.75,43.945,10.0,4.6,"75 km ESE of Obock, Djibouti"
1289728356990,11.732,43.917,10.0,4.2,"73 km ESE of Obock, Djibouti"
1289728282270,11.397,44.014,10.0,4.3,"83 km E of Loyada, Djibouti"
1289728163560,11.937,43.844,10.0,4.5,"60 km E of Obock, Djibouti"
1289726942020,11.809,43.639,10.0,4.3,"42 km ESE of Obock, Djibouti"
1289726606740,12.007,43.999,10.0,4.8,"77 km E of Obock, Djibouti"
1289726415580,11.895,44.1,10.0,4.6,"88 km E of Obock, Djibouti"
1289726271060,11.912,43.989,10.0,4.9,"76 km E of Obock, Djibouti"
1289725557160,11.804,44.04,10.0,4.5,"83 km ESE of Obock, Djibouti"
1289725123480,11.927,43.82,10.0,4.2,"58 km E of Obock, Djibouti"
1289723422160,11.931,44.026,10.0,4.6,"80 km E of Obock, Djibouti"
1289722881670,12.023,43.974,10.0,5.3,"74 km E of Obock, Djibouti"
1289722119520,11.778,43.99,10.0,4.0,"79 km ESE of Obock, Djibouti"
1289721594520,11.905,44.13,10.0,4.0,"91 km E of Obock, Djibouti"
1289721437390,11.905,44.061,10.0,4.5,"84 km E of Obock, Djibouti"
1289721231330,11.515,44.081,10.0,4.4,"90 km E of Loyada, Djibouti"
1289720646420,11.872,44.163,10.0,4.0,"95 km E of Obock, Djibouti"
1289720445980,11.901,44.103,10.0,4.1,"89 km E of Obock, Djibouti"
1289720313140,11.931,43.991,10.0,5.2,"76 km E of Obock, Djibouti"
1289719653990,11.924,43.972,10.0,4.9,"74 km E of Obock, Djibouti"
1289718512160,11.797,43.947,10.0,5.1,"74 km ESE of Obock, Djibouti"
1289718214840,11.935,44.075,10.0,4.7,"85 km E of Obock, Djibouti"
1289717900320,11.68,44.12,10.0,4.2,"96 km ESE of Obock, Djibouti"
1289717673450,11.817,44.075,10.0,4.3,"87 km E of Obock, Djibouti"
1289717168360,11.9,44.052,10.0,4.0,"83 km E of Obock, Djibouti"
1289717143730,11.911,44.019,10.0,4.0,"79 km E of Obock, Djibouti"
1289716347980,11.984,43.963,10.0,5.5,"73 km E of Obock, Djibouti"
1289716165140,11.86,44.02,10.0,4.6,"80 km E of Obock, Djibouti"
1289672815730,11.823,43.962,10.0,4.7,"75 km ESE of Obock, Djibouti"
1287832101760,4.732,36.122,10.0,5.0,"11 km SSE of Lobuni, Ethiopia"
1277620323080,12.064,46.493,10.0,5.0,"168 km SE of Zinjib?r, Yemen"
1270958277120,11.956,43.652,10.0,4.4,"39 km E of Obock, Djibouti"
1270836163710,11.781,43.647,10.0,4.4,"44 km ESE of Obock, Djibouti"
1267517734120,11.833,43.602,10.0,4.4,"37 km ESE of Obock, Djibouti"
1263271444680,11.697,43.367,10.0,4.6,"26 km ENE of Djibouti, Djibouti"
1263069279910,14.185,40.188,10.0,4.4,"79 km E of ?d?grat, Ethiopia"
1261453147720,10.224,40.846,10.0,5.0,"22 km ENE of Gewan?, Ethiopia"
1257628033030,12.115,45.924,10.0,4.3,"121 km SE of Aden, Yemen"
1257535624860,12.05,45.828,10.0,4.9,"117 km SE of Aden, Yemen"
1257524526180,11.931,45.823,10.0,4.1,"126 km SE of Aden, Yemen"
1257470762800,12.018,44.683,10.0,4.8,"92 km SSW of Aden, Yemen"
1257419146270,12.196,45.801,10.0,4.5,"105 km SE of Aden, Yemen"
1257408349750,12.101,45.903,10.0,5.2,"120 km SE of Aden, Yemen"
1257407850720,12.075,45.924,10.0,5.4,"124 km SE of Aden, Yemen"
1257406127870,12.129,45.746,10.0,4.0,"105 km SE of Aden, Yemen"
1257405152440,12.108,45.907,10.0,5.6,"120 km SE of Aden, Yemen"
1257402676290,12.085,45.93,10.0,4.3,"123 km SE of Aden, Yemen"
1257402184220,12.137,45.812,10.0,5.1,"110 km SE of Aden, Yemen"
1255475826060,11.983,46.033,10.0,4.3,"139 km SE of Aden, Yemen"
1253382969200,9.563,40.181,10.0,4.5,"51 km SSE of Abomsa, Ethiopia"
1243316046230,11.935,43.905,10.0,4.4,"67 km E of Obock, Djibouti"
1224334631620,12.382,40.693,10.0,4.0,"73 km NNW of Semera, Ethiopia"
1224275064860,12.146,40.492,10.0,4.5,"68 km NW of Semera, Ethiopia"
1224258322250,12.383,40.55,10.0,4.3,"81 km NW of Semera, Ethiopia"
1224248768960,12.456,40.574,10.0,3.9,"87 km NNW of Semera, Ethiopia"
1224241035670,12.335,40.646,10.0,4.9,"71 km NNW of Semera, Ethiopia"
1224239170060,12.158,40.502,10.0,3.9,"68 km NW of Semera, Ethiopia"
1224236441280,12.386,40.613,10.0,4.9,"78 km NNW of Semera, Ethiopia"
1219124158000,11.773,45.503,10.0,4.0,"122 km SSE of Aden, Yemen"
1209508888090,11.354,43.123,10.0,4.4,"15 km ESE of Goubétto, Djibouti"
1209488691210,11.513,43.031,12.9,4.1,"10 km NNE of Goubétto, Djibouti"
1209436397440,11.751,42.84,10.0,4.5,"6 km SW of Tadjourah, Djibouti"
1209433824740,11.721,42.834,10.0,4.1,"9 km SW of Tadjourah, Djibouti"
1209433667920,11.652,42.953,10.0,4.3,"16 km SSE of Tadjourah, Djibouti"
1209431251040,11.715,42.808,10.0,5.0,"11 km SW of Tadjourah, Djibouti"
1209427619200,11.683,42.986,10.0,5.0,"16 km SE of Tadjourah, Djibouti"
1204383232080,11.804,43.951,10.0,4.5,"74 km ESE of Obock, Djibouti"
1198387081500,4.762,36.228,10.0,4.6,"16 km ESE of Lobuni, Ethiopia"
1195047820360,12.464,47.215,10.0,4.1,"179 km NW of Las Khorey, Somalia"
1194816101810,12.15,40.687,10.0,4.7,"52 km NW of Semera, Ethiopia"
1194392646110,13.572,39.929,10.0,4.4,"49 km E of Mek'ele, Ethiopia"
1194210377760,13.358,39.891,10.0,4.5,"47 km ESE of Mek'ele, Ethiopia"
1191315991840,13.439,40.828,10.0,5.0,"108 km WSW of Edd, Eritrea"
1186296239680,12.538,47.502,10.0,4.6,"170 km NNW of Las Khorey, Somalia"
1186076410990,12.469,47.604,10.0,4.2,"158 km NNW of Las Khorey, Somalia"
1186061849210,12.511,47.462,10.0,5.7,"169 km NNW of Las Khorey, Somalia"
1184654321190,13.4,40.953,10.0,3.9,"99 km SW of Edd, Eritrea"
1183919490220,10.327,40.257,10.0,4.1,"46 km WNW of Gewan?, Ethiopia"
1181313279460,12.458,47.453,10.0,4.3,"164 km NNW of Las Khorey, Somalia"
1179361298170,9.765,40.669,10.0,4.4,"44 km S of Gewan?, Ethiopia"
1179169414410,12.552,47.519,10.0,4.5,"170 km NNW of Las Khorey, Somalia"
1177719942850,12.05,43.865,7.5,4.6,"63 km E of Obock, Djibouti"
1176129533910,12.103,43.737,10.0,4.3,"51 km ENE of Obock, Djibouti"
1172479739390,9.974,42.876,10.0,5.0,Ethiopia
1172166653820,10.034,42.788,10.0,3.9,"67 km WNW of Baki, Somalia"
1166692310330,11.973,44.229,10.0,4.5,"102 km E of Obock, Djibouti"
1166692066260,12.039,43.55,10.0,5.0,"29 km ENE of Obock, Djibouti"
1165492703080,12.274,45.99,10.0,4.9,"115 km SE of Zinjib?r, Yemen"
1163660630160,12.067,46.113,10.0,4.3,"141 km SE of Aden, Yemen"
1162420281400,5.781,36.976,10.0,4.4,"38 km ENE of Jinka, Ethiopia"
1161267243960,13.553,39.854,10.0,4.1,"41 km E of Mek'ele, Ethiopia"
1158129559150,11.791,43.081,5.1,4.7,"21 km E of Tadjourah, Djibouti"
1154969794250,11.428,45.195,10.0,4.7,"111 km N of Berbera, Somalia"
1151992318460,7.917,39.009,10.0,4.5,"32 km E of Ziway, Ethiopia"
1150563190600,12.237,40.526,10.0,4.3,"71 km NW of Semera, Ethiopia"
1150561240510,12.315,40.54,10.0,4.5,"76 km NW of Semera, Ethiopia"
1150558979120,12.286,40.618,10.0,3.9,"68 km NW of Semera, Ethiopia"
1150555515930,12.399,40.801,10.0,4.6,"70 km NNW of Semera, Ethiopia"
1150554812390,12.238,40.512,10.0,4.4,"72 km NW of Semera, Ethiopia"
1144676206680,14.529,39.939,10.0,4.9,"58 km ENE of ?d?grat, Ethiopia"
1140522712240,11.91,42.973,10.0,4.0,"16 km NE of Tadjourah, Djibouti"
1140520874870,11.571,43.135,10.0,4.4,"2 km SSW of Djibouti, Djibouti"
1140254428050,11.519,42.827,10.0,4.5,"2 km WSW of Arta, Djibouti"
1139480280300,11.733,42.97,10.0,4.5,"11 km ESE of Tadjourah, Djibouti"
1138714617510,14.568,41.584,10.0,4.0,"71 km N of Edd, Eritrea"
1133516865010,11.807,43.54,10.0,4.6,"32 km ESE of Obock, Djibouti"
1133514808860,11.784,43.535,10.0,4.3,"33 km SE of Obock, Djibouti"
1131717217180,12.052,45.857,10.0,4.2,"120 km SE of Aden, Yemen"
1131279078300,11.696,43.625,10.0,4.5,"47 km SE of Obock, Djibouti"
1131150072340,11.916,43.649,10.0,4.7,"39 km E of Obock, Djibouti"
1128399580430,12.461,40.646,10.0,4.5,"83 km NNW of Semera, Ethiopia"
1128295481940,12.02,40.537,10.0,4.9,Ethiopia
1128140181150,12.598,40.822,10.0,4.5,"91 km NNW of Semera, Ethiopia"
1128026952810,12.148,40.736,10.0,4.0,"49 km NW of Semera, Ethiopia"
1127994739400,12.423,40.578,10.0,4.8,"83 km NW of Semera, Ethiopia"
1127925095700,12.443,40.634,10.0,5.1,"82 km NNW of Semera, Ethiopia"
1127924234490,11.97,40.328,10.0,4.2,"75 km E of Rob?t, Ethiopia"
1127893396950,11.717,40.289,10.0,4.6,"65 km NNE of Bat?, Ethiopia"
1127878570520,12.553,40.585,10.0,4.4,"95 km NNW of Semera, Ethiopia"
1127866882570,12.323,40.396,10.0,4.7,"88 km NW of Semera, Ethiopia"
1127853880940,12.384,40.404,10.0,4.1,"92 km NW of Semera, Ethiopia"
1127852497220,12.215,40.63,10.0,4.7,"62 km NW of Semera, Ethiopia"
1127851705580,12.286,40.545,10.0,4.3,"74 km NW of Semera, Ethiopia"
1127837948700,12.341,40.595,10.0,4.6,"75 km NW of Semera, Ethiopia"
1127819443810,12.236,40.37,10.0,4.5,"83 km ENE of Rob?t, Ethiopia"
1127816038330,12.55,40.556,10.0,4.7,"96 km NNW of Semera, Ethiopia"
1127781738950,11.929,40.272,10.0,4.2,"70 km E of Rob?t, Ethiopia"
1127781627800,12.519,40.71,10.0,4.5,"86 km NNW of Semera, Ethiopia"
1127778791050,12.46,40.449,10.0,4.5,"95 km NW of Semera, Ethiopia"
1127769901860,12.338,40.617,10.0,5.0,"73 km NW of Semera, Ethiopia"
1127766601520,12.458,40.538,10.0,5.1,"89 km NW of Semera, Ethiopia"
1127755468970,12.053,40.626,10.0,4.6,"50 km NW of Semera, Ethiopia"
1127748986470,12.532,40.579,10.0,4.7,"93 km NNW of Semera, Ethiopia"
1127741313320,12.386,40.578,10.0,5.2,"80 km NW of Semera, Ethiopia"
1127727234240,12.429,40.602,10.0,5.2,"82 km NNW of Semera, Ethiopia"
1127727068900,12.45,40.63,10.0,4.4,"83 km NNW of Semera, Ethiopia"
1127703513200,12.638,40.605,10.0,4.6,"103 km NNW of Semera, Ethiopia"
1127688844060,12.331,40.568,10.0,4.3,"76 km NW of Semera, Ethiopia"
1127677694500,11.947,40.491,10.0,4.2,"58 km WNW of Semera, Ethiopia"
1127677674930,12.197,40.619,10.0,4.2,"61 km NW of Semera, Ethiopia"
1127676176670,11.712,40.611,10.0,3.9,"43 km WSW of Semera, Ethiopia"
1127668608220,12.322,40.511,10.0,4.5,"79 km NW of Semera, Ethiopia"
1127665322290,12.436,40.617,10.3,4.8,"82 km NNW of Semera, Ethiopia"
1127660951270,12.002,40.37,10.0,4.6,"73 km WNW of Semera, Ethiopia"
1127655361550,12.169,40.426,10.0,4.1,"75 km WNW of Semera, Ethiopia"
1127647203760,12.421,40.578,10.0,5.1,"83 km NW of Semera, Ethiopia"
1127644888020,12.214,40.465,10.0,4.4,"75 km NW of Semera, Ethiopia"
1127644279540,12.213,40.493,10.0,4.6,"72 km NW of Semera, Ethiopia"
1127643480350,12.486,40.475,10.0,4.6,"95 km NW of Semera, Ethiopia"
1127642878000,12.447,40.621,10.0,4.8,"83 km NNW of Semera, Ethiopia"
1127642532730,12.366,40.505,10.0,5.0,"83 km NW of Semera, Ethiopia"
1127640848670,12.206,40.682,10.0,4.1,"57 km NW of Semera, Ethiopia"
1127639851880,12.08,40.474,10.0,4.4,"66 km WNW of Semera, Ethiopia"
1127639497570,12.499,40.518,10.0,4.7,"94 km NW of Semera, Ethiopia"
1127639363650,12.094,40.588,10.0,4.5,"56 km NW of Semera, Ethiopia"
1127639348270,12.127,40.524,10.0,4.5,"64 km NW of Semera, Ethiopia"
1127638321370,12.187,40.472,10.0,4.4,"72 km NW of Semera, Ethiopia"
1127638297950,12.64,40.678,10.0,4.1,"100 km NNW of Semera, Ethiopia"
1127637890620,12.579,40.465,10.0,4.0,"102 km E of Korem, Ethiopia"
1127637220250,12.323,40.483,10.0,4.6,"81 km NW of Semera, Ethiopia"
1127636857390,12.148,40.365,10.0,4.5,"80 km WNW of Semera, Ethiopia"
1127636489370,12.193,40.498,10.0,4.6,"70 km NW of Semera, Ethiopia"
1127636322550,12.441,40.495,10.0,5.0,"90 km NW of Semera, Ethiopia"
1127633965860,11.985,40.441,10.0,4.6,"65 km WNW of Semera, Ethiopia"
1127630855120,12.099,40.51,10.0,4.5,"63 km WNW of Semera, Ethiopia"
1127630593140,11.998,40.446,10.0,4.2,"65 km WNW of Semera, Ethiopia"
1127630231820,12.396,40.441,10.0,3.7,"90 km NW of Semera, Ethiopia"
1127629983290,11.846,40.5,10.0,4.2,"55 km W of Semera, Ethiopia"
1127628020640,12.199,40.511,10.0,4.3,"70 km NW of Semera, Ethiopia"
1127626394000,12.05,40.509,10.0,4.1,"61 km WNW of Semera, Ethiopia"
1127625110280,12.316,40.59,10.0,4.5,"73 km NW of Semera, Ethiopia"
1127622401930,11.936,40.449,10.0,4.4,"62 km WNW of Semera, Ethiopia"
1127621732380,12.352,40.651,10.0,4.4,"72 km NNW of Semera, Ethiopia"
1127620278840,12.253,40.463,10.0,4.7,"77 km NW of Semera, Ethiopia"
1127619815340,11.999,40.426,10.0,4.3,"67 km WNW of Semera, Ethiopia"
1127615638290,12.046,40.579,10.0,4.1,"54 km WNW of Semera, Ethiopia"
1127612836550,12.367,40.606,10.0,4.0,"76 km NW of Semera, Ethiopia"
1127611904550,12.223,40.547,10.0,4.6,"68 km NW of Semera, Ethiopia"
1127611617740,12.233,40.623,10.0,3.9,"64 km NW of Semera, Ethiopia"
1127610747370,12.348,40.495,10.0,4.7,"82 km NW of Semera, Ethiopia"
1127610691150,12.423,40.462,10.0,4.6,"91 km NW of Semera, Ethiopia"
1127610658660,12.26,40.513,10.0,4.9,"74 km NW of Semera, Ethiopia"
1127610015790,11.597,40.375,10.0,4.1,"59 km NE of Bat?, Ethiopia"
1127608648560,12.447,40.603,10.0,5.0,"84 km NNW of Semera, Ethiopia"
1127604168500,12.389,40.578,10.0,4.7,"80 km NW of Semera, Ethiopia"
1127603120390,12.386,40.662,10.0,4.8,"75 km NNW of Semera, Ethiopia"
1127601505250,11.859,40.432,10.0,4.3,"62 km W of Semera, Ethiopia"
1127601107580,12.1,40.472,10.0,4.4,"67 km WNW of Semera, Ethiopia"
1127600257310,12.482,40.704,10.0,4.4,"82 km NNW of Semera, Ethiopia"
1127600121960,12.304,40.656,10.0,4.5,"68 km NW of Semera, Ethiopia"
1127597149420,11.8,40.396,10.0,4.3,"66 km W of Semera, Ethiopia"
1127589842660,12.471,40.634,11.8,5.5,"85 km NNW of Semera, Ethiopia"
1127585329090,12.429,40.461,10.0,4.4,"91 km NW of Semera, Ethiopia"
1127555623610,12.345,40.453,10.0,4.7,"85 km NW of Semera, Ethiopia"
1127553435620,12.514,40.361,10.0,4.8,"91 km E of Korem, Ethiopia"
1127551941280,12.69,40.516,10.0,4.6,"106 km E of Maych’ew, Ethiopia"
1127551296510,12.616,40.566,10.0,4.3,"102 km NNW of Semera, Ethiopia"
1127550048960,12.543,40.389,10.0,5.1,"94 km E of Korem, Ethiopia"
1127549512000,12.448,40.552,10.0,4.4,"87 km NW of Semera, Ethiopia"
1127547368460,12.617,40.535,10.0,5.2,"104 km NNW of Semera, Ethiopia"
1127545575110,12.535,40.535,10.0,3.9,"96 km NNW of Semera, Ethiopia"
1127545108020,12.572,40.569,10.0,5.3,"98 km NNW of Semera, Ethiopia"
1127544879940,12.408,40.324,10.0,4.2,"86 km ENE of Rob?t, Ethiopia"
1127544317400,12.601,40.576,10.0,4.0,"100 km NNW of Semera, Ethiopia"
1127543898500,12.542,40.591,10.0,3.9,"94 km NNW of Semera, Ethiopia"
1127543566590,12.691,40.637,10.0,4.3,"107 km NNW of Semera, Ethiopia"
1127543283890,12.669,40.49,10.0,4.6,"103 km E of Maych’ew, Ethiopia"
1127542485570,12.291,40.452,10.0,4.7,"81 km NW of Semera, Ethiopia"
1127542244960,12.607,40.404,10.0,4.5,"95 km ESE of Maych’ew, Ethiopia"
1127540981740,12.42,40.319,10.0,4.1,"86 km ENE of Rob?t, Ethiopia"
1127540763530,12.569,40.418,10.0,4.5,"97 km E of Korem, Ethiopia"
1127540171450,12.501,40.461,10.0,4.8,"98 km NW of Semera, Ethiopia"
1127538933940,12.674,40.519,10.0,5.2,"106 km E of Maych’ew, Ethiopia"
1127538482890,12.296,40.191,10.0,4.1,"68 km ENE of Rob?t, Ethiopia"
1127537851830,12.636,40.468,10.0,4.1,"101 km E of Maych’ew, Ethiopia"
1127537449740,12.162,40.167,10.0,3.9,"60 km ENE of Rob?t, Ethiopia"
1127535635160,12.606,40.568,10.0,4.6,"101 km NNW of Semera, Ethiopia"
1127535113510,12.681,40.463,10.0,4.5,"100 km E of Maych’ew, Ethiopia"
1127534876240,12.643,40.472,10.0,4.2,Ethiopia
1127534235130,12.6,40.401,10.0,4.7,"95 km ESE of Maych’ew, Ethiopia"
1127533513150,12.863,40.762,10.0,4.2,"121 km NNW of Semera, Ethiopia"
1127533102530,12.643,40.562,10.0,4.5,"105 km NNW of Semera, Ethiopia"
1127532325780,12.732,40.427,10.0,4.8,Ethiopia
1127531371690,12.386,40.426,10.0,4.4,"91 km NW of Semera, Ethiopia"
1127530917960,12.679,40.629,10.0,4.3,"106 km NNW of Semera, Ethiopia"
1127523859290,12.377,40.423,10.0,4.1,"90 km NW of Semera, Ethiopia"
1127519966910,12.59,40.622,10.0,4.2,"97 km NNW of Semera, Ethiopia"
1127507192020,12.575,40.472,10.0,4.8,"103 km E of Korem, Ethiopia"
1127498707200,12.202,40.251,10.0,4.3,"70 km ENE of Rob?t, Ethiopia"
1127498486320,12.638,40.489,10.0,4.4,"104 km E of Maych’ew, Ethiopia"
1127468988440,12.513,40.597,10.0,4.0,"91 km NNW of Semera, Ethiopia"
1127467111940,12.578,40.545,10.0,4.4,"100 km NNW of Semera, Ethiopia"
1127459169160,12.566,40.586,10.0,4.3,"96 km NNW of Semera, Ethiopia"
1127451471070,12.55,40.598,10.0,4.8,"94 km NNW of Semera, Ethiopia"
1127436945680,12.281,40.475,10.0,4.3,"79 km NW of Semera, Ethiopia"
1127427770270,12.518,40.485,10.0,4.4,"98 km NW of Semera, Ethiopia"
1127418712550,12.398,40.442,10.0,5.1,"90 km NW of Semera, Ethiopia"
1127412533410,12.468,40.34,10.0,4.5,"88 km E of Korem, Ethiopia"
1127411606300,12.514,40.333,14.3,3.9,"88 km E of Korem, Ethiopia"
1127405288500,12.628,40.396,21.7,3.9,"94 km E of Maych’ew, Ethiopia"
1127404771400,12.694,40.375,21.5,4.5,"91 km E of Maych’ew, Ethiopia"
1127400497810,13.029,40.748,10.0,4.5,"133 km ENE of Maych’ew, Ethiopia"
1127397524400,12.702,40.553,10.0,5.2,"110 km E of Maych’ew, Ethiopia"
1127391038800,12.045,40.413,0.1,4.2,"70 km WNW of Semera, Ethiopia"
1127390263240,12.595,40.516,10.0,4.4,"103 km NNW of Semera, Ethiopia"
1127384064370,12.627,40.499,10.0,4.8,"105 km E of Maych’ew, Ethiopia"
1127373183600,12.88,40.374,4.0,3.9,"90 km E of Maych’ew, Ethiopia"
1127369315030,12.271,40.419,10.0,4.4,"82 km NW of Semera, Ethiopia"
1127366512680,12.719,40.343,10.0,4.7,"87 km E of Maych’ew, Ethiopia"
1127363298950,12.726,40.505,10.0,4.5,"104 km E of Maych’ew, Ethiopia"
1127362539040,12.655,40.494,10.0,4.5,"104 km E of Maych’ew, Ethiopia"
1127358754070,12.697,40.461,10.0,5.2,"100 km E of Maych’ew, Ethiopia"
1127354206980,12.498,40.643,10.0,4.5,Ethiopia
1127353174130,12.153,40.455,10.0,4.6,"71 km WNW of Semera, Ethiopia"
1127352692560,12.777,40.445,10.0,4.7,"98 km E of Maych’ew, Ethiopia"
1127346550530,12.603,40.422,10.0,4.4,Ethiopia
1127345781490,11.978,40.323,10.0,4.4,"75 km E of Rob?t, Ethiopia"
1127341559040,12.465,40.453,10.0,4.0,"95 km NW of Semera, Ethiopia"
1127336749700,12.625,40.659,10.0,4.5,"99 km NNW of Semera, Ethiopia"
1127333092280,12.545,40.499,10.0,4.8,"99 km NNW of Semera, Ethiopia"
1127328241460,12.437,40.39,10.0,4.5,"94 km ENE of Rob?t, Ethiopia"
1127321809580,11.974,40.244,10.0,4.3,"66 km E of Rob?t, Ethiopia"
1127314646500,12.535,40.465,10.0,5.0,"100 km NW of Semera, Ethiopia"
1127309581600,12.514,40.507,10.0,4.6,"96 km NW of Semera, Ethiopia"
1127303842800,12.411,40.418,10.0,4.6,"93 km NW of Semera, Ethiopia"
1127298781610,12.357,40.378,10.0,4.4,"89 km ENE of Rob?t, Ethiopia"
1127298658420,13.189,40.759,10.0,4.2,"130 km SW of Edd, Eritrea"
1127297655740,13.499,40.494,10.0,4.2,"110 km E of Mek'ele, Ethiopia"
1127292003780,12.601,40.44,10.0,4.3,"99 km ESE of Maych’ew, Ethiopia"
1127286778160,12.391,40.498,10.0,4.4,"86 km NW of Semera, Ethiopia"
1127276482070,12.654,40.527,10.0,4.4,"107 km E of Maych’ew, Ethiopia"
1127260903330,12.815,40.44,10.0,4.4,"97 km E of Maych’ew, Ethiopia"
1127258827280,12.775,40.289,10.0,4.6,"81 km E of Maych’ew, Ethiopia"
1127251417570,12.707,40.526,10.0,5.4,"107 km E of Maych’ew, Ethiopia"
1127241508140,12.572,40.6,10.0,4.4,"96 km NNW of Semera, Ethiopia"
1127182679770,12.416,40.466,10.0,4.8,"90 km NW of Semera, Ethiopia"
1126710466400,12.486,40.423,10.0,4.7,"97 km E of Korem, Ethiopia"
1121704302570,12.727,40.754,10.0,4.5,"106 km NNW of Semera, Ethiopia"
1121114171900,12.213,40.26,27.5,3.7,"71 km ENE of Rob?t, Ethiopia"
1120755477400,6.289,37.697,10.0,4.7,"32 km NNE of Arba Minch, Ethiopia"
1117910435130,12.749,40.691,10.0,4.5,"111 km NNW of Semera, Ethiopia"
1114888416070,11.413,43.183,10.0,4.1,"9 km SW of Loyada, Djibouti"
1114836881270,11.863,43.445,10.0,3.5,"20 km SE of Obock, Djibouti"
1114830670940,11.903,43.626,10.0,3.8,"37 km E of Obock, Djibouti"
1114824213290,11.858,43.45,10.0,4.6,"21 km SE of Obock, Djibouti"
1112900554710,11.979,46.253,10.0,4.8,"158 km SE of Zinjib?r, Yemen"
1098446412430,14.166,40.296,10.0,5.5,"90 km E of ?d?grat, Ethiopia"
1097279839560,12.087,45.715,10.0,4.2,"106 km SE of Aden, Yemen"
1095513218860,12.169,46.441,10.0,3.5,"156 km SE of Zinjib?r, Yemen"
1093994165720,14.744,39.711,10.0,4.2,"37 km ESE of Adi Keyh, Eritrea"
1086914384170,13.067,39.751,10.0,4.5,"38 km NE of Maych’ew, Ethiopia"
1083027519700,5.392,37.274,10.0,4.1,"28 km NW of Konso, Ethiopia"
1074407220850,10.656,39.668,10.0,4.6,"23 km WSW of Kemis?, Ethiopia"
1073174986060,11.64,43.192,10.0,5.4,"7 km NE of Djibouti, Djibouti"
1073171872480,11.511,43.041,10.0,5.2,"10 km NNE of Goubétto, Djibouti"
1061237270290,11.797,41.254,10.0,4.0,"20 km ENE of Dubti, Ethiopia"
1055269402640,14.464,40.21,10.0,4.3,"83 km ENE of ?d?grat, Ethiopia"
1055229038870,14.455,40.071,10.0,4.6,"68 km ENE of ?d?grat, Ethiopia"
1041464205860,11.197,41.754,10.0,4.6,"53 km SE of Asaita, Ethiopia"
1038741512480,12.279,39.744,10.0,5.1,"31 km NNE of Rob?t, Ethiopia"
1037763923760,11.868,44.209,10.0,4.5,"100 km E of Obock, Djibouti"
1037694249510,11.873,44.037,10.0,4.0,"82 km E of Obock, Djibouti"
1037668197530,11.907,44.141,10.0,4.5,"93 km E of Obock, Djibouti"
1030255957100,13.673,39.862,10.0,4.3,"46 km ENE of Mek'ele, Ethiopia"
1029358165320,13.409,39.991,10.0,4.4,"56 km E of Mek'ele, Ethiopia"
1029097778400,12.016,43.868,10.0,4.3,"63 km E of Obock, Djibouti"
1028997956110,13.712,39.894,10.0,4.6,"51 km ENE of Mek'ele, Ethiopia"
1028994962040,13.654,39.813,10.0,5.7,"40 km ENE of Mek'ele, Ethiopia"
1028980880070,13.919,39.904,10.0,4.3,"62 km SE of ?d?grat, Ethiopia"
1028972741880,12.128,43.885,10.0,4.9,"67 km ENE of Obock, Djibouti"
1028930922990,11.818,43.651,10.0,5.2,"42 km ESE of Obock, Djibouti"
1028841431700,13.649,40.001,10.0,4.9,"59 km ENE of Mek'ele, Ethiopia"
1028771433170,14.007,39.938,10.0,4.4,"59 km ESE of ?d?grat, Ethiopia"
1024397055890,14.525,42.111,10.0,4.4,"79 km NE of Edd, Eritrea"
1021402167700,12.589,41.135,10.0,3.9,"89 km N of Semera, Ethiopia"
1009091253070,12.178,45.919,10.0,3.8,"116 km SE of Aden, Yemen"
1007567557250,12.673,40.526,10.0,4.0,"107 km E of Maych’ew, Ethiopia"
1004718224590,11.794,43.188,4.6,5.2,"22 km SSW of Obock, Djibouti"
999281438930,12.348,46.428,10.0,4.0,"142 km SE of Zinjib?r, Yemen"
963288036730,8.787,42.181,10.0,4.3,"58 km S of Harar, Ethiopia"
958510071930,10.091,41.233,10.0,4.4,"64 km E of Gewan?, Ethiopia"
958379584780,5.618,36.228,33.0,4.5,"41 km WSW of Bako, Ethiopia"
958154043810,10.001,41.079,10.0,4.3,"50 km ESE of Gewan?, Ethiopia"
957948211870,10.223,41.138,10.0,4.0,"54 km E of Gewan?, Ethiopia"
955031664850,12.5,47.446,10.0,4.8,"169 km NNW of Las Khorey, Somalia"
950631276700,12.248,45.97,10.0,4.0,"116 km SSE of Zinjib?r, Yemen"
950552456810,11.947,45.947,10.0,4.6,"135 km SE of Aden, Yemen"
950533943240,12.131,46.03,10.0,3.9,"129 km ESE of Aden, Yemen"
950510307480,11.904,46.061,10.0,5.4,"147 km SE of Aden, Yemen"
950146501960,12.01,45.954,10.0,5.1,"131 km SE of Aden, Yemen"
949304093300,11.909,43.564,5.0,3.0,"30 km ESE of Obock, Djibouti"
947643638600,11.742,43.145,7.5,3.2,"16 km N of Djibouti, Djibouti"
944884290800,11.665,42.075,2.1,4.0,"26 km ESE of Gâlâfi, Djibouti"
943856303330,11.828,43.369,5.0,3.6,"17 km SSE of Obock, Djibouti"
936756844600,11.917,43.594,5.0,3.5,"33 km E of Obock, Djibouti"
934551414100,11.868,43.186,6.7,3.5,"15 km SW of Obock, Djibouti"
932398232500,11.931,43.568,5.0,3.5,"30 km E of Obock, Djibouti"
929622894670,10.779,41.27,10.0,4.5,"89 km SSW of Asaita, Ethiopia"
924635600150,12.984,47.632,10.0,4.8,"176 km SSE of Khim?r, Yemen"
924632896510,12.674,47.58,10.0,4.8,"180 km NNW of Las Khorey, Somalia"
921282068100,12.0,43.814,5.0,3.5,"57 km E of Obock, Djibouti"
918574914500,11.137,41.888,5.0,3.5,"52 km W of Dikhil, Djibouti"
918466553900,11.141,41.87,5.0,3.5,"54 km W of Dikhil, Djibouti"
918449641500,11.159,41.869,5.0,3.7,"55 km W of Dikhil, Djibouti"
918446909300,11.146,41.871,5.0,3.9,"54 km W of Dikhil, Djibouti"
915560860440,6.018,37.513,10.0,4.7,"4 km WSW of Arba Minch, Ethiopia"
911868644290,12.411,47.569,10.0,4.7,"154 km NNW of Las Khorey, Somalia"
911848605540,12.347,47.564,10.0,5.4,"148 km NNW of Las Khorey, Somalia"
911219223440,11.849,43.342,10.0,3.8,"14 km SSE of Obock, Djibouti"
901143642400,11.884,43.439,3.3,3.9,"18 km ESE of Obock, Djibouti"
901115747200,11.897,43.414,3.4,4.1,"15 km ESE of Obock, Djibouti"
899221468020,13.669,39.666,10.0,4.1,"28 km NE of Mek'ele, Ethiopia"
895053540390,13.98,42.059,10.0,4.6,"39 km E of Edd, Eritrea"
895019271380,14.32,42.028,10.0,4.3,"56 km NE of Edd, Eritrea"
893452640850,11.701,43.966,10.0,3.7,"79 km ESE of Obock, Djibouti"
893382631630,11.757,44.077,10.0,4.6,"89 km ESE of Obock, Djibouti"
889897643000,12.133,44.023,11.6,3.6,"82 km ENE of Obock, Djibouti"
887196629000,11.868,43.391,4.4,3.6,"15 km SE of Obock, Djibouti"
881660322500,11.772,43.19,10.0,3.8,"20 km NNE of Djibouti, Djibouti"
881563166050,11.733,43.159,10.0,4.1,"16 km N of Djibouti, Djibouti"
868864510530,11.944,39.235,10.0,3.8,"22 km ESE of Lal?bela, Ethiopia"
857986839890,12.19,43.603,10.0,4.3,"42 km NE of Obock, Djibouti"
857983809140,11.882,43.543,10.0,4.3,"29 km ESE of Obock, Djibouti"
857979214240,11.732,43.285,10.0,4.4,"21 km NE of Djibouti, Djibouti"
857934569710,11.579,43.314,10.0,4.9,"14 km NNE of Loyada, Djibouti"
857930470320,11.263,43.49,10.0,4.2,"33 km SE of Loyada, Djibouti"
857929305020,11.687,43.412,10.0,4.7,"30 km NE of Loyada, Djibouti"
857929218370,11.696,43.55,10.0,5.5,"41 km SE of Obock, Djibouti"
857928695770,11.033,43.526,10.0,3.7,"55 km SSE of Loyada, Djibouti"
857928361760,11.871,43.356,10.0,3.8,"12 km SE of Obock, Djibouti"
857914452940,11.97,43.403,10.0,4.6,"12 km E of Obock, Djibouti"
857878649780,12.037,43.417,10.0,4.1,"16 km ENE of Obock, Djibouti"
857872921640,11.962,43.414,10.0,4.2,"13 km E of Obock, Djibouti"
857871131540,11.819,43.356,10.0,4.2,"17 km SSE of Obock, Djibouti"
857863742730,11.748,43.263,10.0,5.4,"21 km NE of Djibouti, Djibouti"
857811448860,11.843,43.495,10.0,4.97,"26 km ESE of Obock, Djibouti"
857624362730,11.983,43.376,10.0,4.5,"9 km E of Obock, Djibouti"
854261903180,12.063,41.794,10.0,4.7,"38 km N of Gâlâfi, Djibouti"
852325289120,11.976,41.614,10.0,4.5,"37 km NW of Gâlâfi, Djibouti"
852042438880,12.122,41.784,10.0,3.7,"45 km N of Gâlâfi, Djibouti"
851795415010,12.442,47.887,10.0,4.1,"145 km NNW of Las Khorey, Somalia"
849977917990,12.187,43.011,10.0,3.6,"28 km SSE of Alaïli ?a??a‘, Djibouti"
845868021480,12.65,40.446,33.0,4.8,"99 km E of Maych’ew, Ethiopia"
845587674090,12.705,40.632,10.0,3.9,"108 km NNW of Semera, Ethiopia"
845507937800,12.726,40.7,10.0,3.9,"108 km NNW of Semera, Ethiopia"
845490645670,12.699,40.539,10.0,4.8,"108 km E of Maych’ew, Ethiopia"
845458969050,12.711,40.527,10.0,4.6,"107 km E of Maych’ew, Ethiopia"
845192105970,12.837,40.579,33.0,4.7,"112 km E of Maych’ew, Ethiopia"
843090636070,12.754,40.515,10.0,5.0,"105 km E of Maych’ew, Ethiopia"
841633144090,11.623,43.673,10.0,4.3,"49 km ENE of Loyada, Djibouti"
835496201470,12.239,46.756,10.0,4.2,"178 km ESE of Zinjib?r, Yemen"
834901043680,12.035,43.789,10.0,4.2,"55 km E of Obock, Djibouti"
834893160140,12.075,43.889,10.0,4.4,"66 km E of Obock, Djibouti"
834880963970,12.209,43.9,10.0,3.7,"71 km ENE of Obock, Djibouti"
834875224560,11.965,43.893,10.0,3.7,"65 km E of Obock, Djibouti"
833692050340,12.249,46.656,10.0,3.8,"169 km SE of Zinjib?r, Yemen"
833691038220,12.186,46.558,10.0,4.3,"165 km SE of Zinjib?r, Yemen"
812078831920,12.127,46.012,10.0,4.7,"128 km SE of Aden, Yemen"
812035629190,12.546,47.374,10.0,4.4,"177 km NNW of Las Khorey, Somalia"
808920049820,12.162,44.187,10.0,4.5,"100 km ENE of Obock, Djibouti"
807779374160,12.049,44.317,10.0,4.8,"112 km E of Obock, Djibouti"
798668089500,12.172,41.613,10.0,4.2,"56 km NNW of Gâlâfi, Djibouti"
790586067200,7.16,38.441,13.8,5.0,"11 km NNW of Hawassa, Ethiopia"
777585410190,4.525,35.034,10.0,4.7,"123 km WSW of Lobuni, Ethiopia"
776268862930,13.334,39.657,11.1,4.9,"26 km SE of Mek'ele, Ethiopia"
767514953360,11.486,45.938,10.0,4.8,"153 km NE of Berbera, Somalia"
767458806120,11.747,42.967,10.0,3.5,"10 km ESE of Tadjourah, Djibouti"
767383323470,11.874,44.636,10.0,4.5,"109 km SSW of Aden, Yemen"
767159719200,11.638,42.978,10.0,3.9,"18 km NE of Arta, Djibouti"
767156230730,11.604,43.014,10.0,5.6,"14 km W of Djibouti, Djibouti"
766253814120,11.665,42.995,10.0,3.5,"18 km SE of Tadjourah, Djibouti"
766092591880,11.691,43.006,18.8,3.6,"17 km SE of Tadjourah, Djibouti"
766072293400,11.683,43.008,20.5,3.6,"17 km SE of Tadjourah, Djibouti"
766063221490,11.735,42.859,15.5,5.9,"6 km SSW of Tadjourah, Djibouti"
759551160700,5.314,37.411,10.0,4.9,"10 km NW of Konso, Ethiopia"
752113675160,13.863,43.509,24.6,3.9,"27 km WNW of Village of ALAMRAH, Yemen"
748638695940,11.478,39.638,15.2,5.7,"38 km N of Des?, Ethiopia"
748325737850,5.347,37.561,10.0,5.2,"13 km NE of Konso, Ethiopia"
737717593310,14.393,40.221,10.0,4.6,"82 km E of ?d?grat, Ethiopia"
737355704750,14.487,40.021,33.0,4.1,"64 km ENE of ?d?grat, Ethiopia"
737317249720,14.4,40.186,19.3,4.9,"79 km E of ?d?grat, Ethiopia"
737091850560,14.516,40.242,25.2,4.8,"88 km ENE of ?d?grat, Ethiopia"
737031299550,14.449,40.194,10.0,5.1,"81 km ENE of ?d?grat, Ethiopia"
736720555620,14.395,40.126,10.0,5.3,"72 km E of ?d?grat, Ethiopia"
736651292630,14.935,40.428,10.0,4.4,"113 km E of Adi Keyh, Eritrea"
736625211210,14.349,40.079,10.0,4.6,"67 km E of ?d?grat, Ethiopia"
736533968920,14.562,40.167,10.0,4.5,"82 km ENE of ?d?grat, Ethiopia"
736432658990,14.394,40.131,10.0,4.7,"73 km E of ?d?grat, Ethiopia"
736378457900,14.453,39.77,33.0,4.6,"38 km ENE of ?d?grat, Ethiopia"
736365503030,14.577,40.099,10.0,4.8,"76 km ENE of ?d?grat, Ethiopia"
736337289240,14.439,40.116,10.0,4.7,"72 km ENE of ?d?grat, Ethiopia"
736243033480,14.761,40.497,10.0,4.2,"120 km E of Adi Keyh, Eritrea"
732322785810,11.625,41.987,16.2,5.6,"19 km ESE of Gâlâfi, Djibouti"
729570349770,8.331,39.308,12.4,5.3,"13 km SSE of Wenj?, Ethiopia"
727578933390,12.62,40.607,10.0,4.9,"101 km NNW of Semera, Ethiopia"
725138921990,11.521,42.567,10.0,3.9,"31 km W of Arta, Djibouti"
725136166640,12.799,40.922,10.0,3.8,"111 km N of Semera, Ethiopia"
725020593750,11.982,41.774,10.0,4.4,"30 km NNW of Gâlâfi, Djibouti"
723429498340,12.132,46.303,10.0,4.6,"148 km SE of Zinjib?r, Yemen"
706238804620,13.842,44.03,10.0,4.5,"9 km W of Dh? as Suf?l, Yemen"
705952517530,11.557,42.831,10.0,4.4,"4 km NW of Arta, Djibouti"
702699233000,11.954,45.849,10.0,4.4,"127 km SE of Aden, Yemen"
702698151030,11.826,45.95,10.0,4.8,"144 km SE of Aden, Yemen"
702696532290,11.997,45.972,10.0,5.0,"133 km SE of Aden, Yemen"
702391202410,11.685,46.058,10.0,4.6,"164 km SE of Aden, Yemen"
700632577280,11.856,43.376,10.0,3.6,"15 km SE of Obock, Djibouti"
699785705600,11.513,42.812,7.4,6.2,"4 km WSW of Arta, Djibouti"
695043332150,11.764,42.31,10.0,3.6,"46 km SSW of Dorra, Djibouti"
695042113540,11.765,42.334,10.0,4.9,"45 km SSW of Dorra, Djibouti"
690770423960,13.887,44.068,10.0,4.7,"7 km NW of Dh? as Suf?l, Yemen"
680542418460,7.57,37.665,10.0,4.4,"20 km W of Hosa’ina, Ethiopia"
674064757100,12.279,47.487,10.0,5.5,"146 km NNW of Las Khorey, Somalia"
673975589740,12.413,47.516,17.0,5.4,"157 km NNW of Las Khorey, Somalia"
669866901900,12.785,45.345,10.0,3.8,"33 km E of Aden, Yemen"
663127051220,12.722,47.556,10.0,4.7,"186 km NNW of Las Khorey, Somalia"
644635710270,6.182,33.481,10.0,4.1,"156 km N of Kapoeta, South Sudan"
643834616860,13.129,39.927,52.2,5.0,"56 km NE of Maych’ew, Ethiopia"
643732791570,4.835,33.638,10.0,4.6,"8 km NE of Kapoeta, South Sudan"
642878243120,11.893,41.755,10.0,4.5,"21 km NNW of Gâlâfi, Djibouti"
641815926860,11.754,40.964,10.3,5.0,"6 km SW of Semera, Ethiopia"
633219862070,11.933,43.43,26.8,3.9,"15 km ESE of Obock, Djibouti"
633198917410,11.883,43.268,10.0,4.2,"9 km SSW of Obock, Djibouti"
633198259020,11.911,43.215,10.0,4.5,"10 km SW of Obock, Djibouti"
626580489300,11.391,42.71,10.0,3.5,"21 km SW of Arta, Djibouti"
619758108160,12.193,41.532,10.0,4.8,"62 km NNW of Gâlâfi, Djibouti"
619737695410,12.096,41.648,10.0,4.6,"46 km NNW of Gâlâfi, Djibouti"
619726238940,12.072,41.68,10.0,4.6,"42 km NNW of Gâlâfi, Djibouti"
619693451150,12.3,41.25,10.0,4.2,Ethiopia
619686458470,11.8,41.721,10.0,5.3,"15 km NW of Gâlâfi, Djibouti"
619685200270,11.533,42.481,10.0,4.4,"40 km W of Arta, Djibouti"
619679145390,11.821,41.732,10.0,5.8,"16 km NW of Gâlâfi, Djibouti"
619678985600,11.942,41.769,9.7,6.1,"26 km NNW of Gâlâfi, Djibouti"
619666447340,11.992,41.891,10.0,4.9,"31 km N of Gâlâfi, Djibouti"
619664946630,11.874,41.87,15.8,6.4,"17 km NNE of Gâlâfi, Djibouti"
619649112250,12.164,41.611,10.0,4.7,Ethiopia
619644356510,11.904,41.824,11.7,6.1,"20 km N of Gâlâfi, Djibouti"
619642445310,11.896,41.764,10.0,5.2,"21 km NNW of Gâlâfi, Djibouti"
619641588890,11.985,41.87,10.0,5.7,"30 km N of Gâlâfi, Djibouti"
619640853660,11.825,41.583,10.0,5.1,"30 km WNW of Gâlâfi, Djibouti"
619640713390,11.807,41.813,10.0,4.6,"10 km NNW of Gâlâfi, Djibouti"
619631726830,11.638,42.285,10.0,4.4,"49 km E of Gâlâfi, Djibouti"
619625743080,12.044,41.626,10.0,4.6,"42 km NNW of Gâlâfi, Djibouti"
619622779430,11.88,41.88,10.0,6.1,"18 km NNE of Gâlâfi, Djibouti"
619622726010,11.898,41.884,10.0,5.2,"20 km NNE of Gâlâfi, Djibouti"
619618416740,11.469,41.706,10.0,4.8,"30 km SSW of Gâlâfi, Djibouti"
619617377840,11.764,41.964,10.0,5.3,"14 km ENE of Gâlâfi, Djibouti"
619616788070,11.884,41.812,10.0,6.1,"18 km N of Gâlâfi, Djibouti"
619615075240,11.919,41.963,10.1,5.6,Ethiopia
619615016510,11.766,41.942,11.6,6.5,"12 km ENE of Gâlâfi, Djibouti"
617999668410,12.447,47.464,10.0,4.2,"163 km NNW of Las Khorey, Somalia"
617137770000,11.871,43.303,10.0,3.9,"10 km S of Obock, Djibouti"
617091626910,11.867,43.287,10.0,3.7,"11 km S of Obock, Djibouti"
614380311220,12.685,41.832,10.0,4.5,"91 km NW of Dorra, Djibouti"
614367323450,12.657,41.93,10.0,3.3,"81 km NW of Dorra, Djibouti"
613290249610,6.837,37.878,18.6,4.9,"13 km E of Sodo, Ethiopia"
612964955940,11.698,43.968,10.0,4.9,"79 km ESE of Obock, Djibouti"
610923231020,8.946,39.982,10.0,4.9,"8 km NE of Metah?ra, Ethiopia"
608710854980,13.855,43.113,10.0,4.1,"43 km SSW of Zab?d, Yemen"
608475648780,13.351,40.011,33.0,4.8,Ethiopia
608474104380,13.336,39.963,33.0,4.4,"55 km ESE of Mek'ele, Ethiopia"
608473051300,13.29,39.98,33.0,5.5,Ethiopia
608457311380,13.263,39.925,33.0,5.3,"55 km ESE of Mek'ele, Ethiopia"
608360715960,13.308,39.984,33.0,4.9,"58 km ESE of Mek'ele, Ethiopia"
589138649220,11.375,42.247,10.0,4.6,"32 km NNW of Dikhil, Djibouti"
578420705440,4.794,35.4,10.0,4.2,"77 km W of Lobuni, Ethiopia"
575164508370,13.678,40.565,10.0,4.9,"119 km E of Mek'ele, Ethiopia"
564669807690,11.774,43.059,10.0,4.6,"19 km E of Tadjourah, Djibouti"
563711702330,5.507,36.871,10.0,4.3,"29 km ESE of Jinka, Ethiopia"
562409909190,5.74,36.73,10.0,6.0,"13 km NE of Jinka, Ethiopia"
562179478950,5.107,37.209,10.0,4.7,"34 km WSW of Konso, Ethiopia"
562178773380,5.409,36.751,12.0,6.3,"28 km SSE of Jinka, Ethiopia"
560749757670,5.47,35.998,10.0,4.7,"71 km N of Lobuni, Ethiopia"
560644169000,6.35,35.88,10.0,5.3,"78 km SSE of M?zan Tefer?, Ethiopia"
560644164580,6.223,37.814,10.0,5.3,"35 km NE of Arba Minch, Ethiopia"
548216725420,12.593,45.229,10.0,4.0,"29 km SE of Aden, Yemen"
538287664760,12.356,41.303,10.0,4.3,"70 km NNE of Semera, Ethiopia"
524942843860,11.85,43.372,10.0,4.0,"15 km SE of Obock, Djibouti"
516615479140,11.85,43.324,10.0,3.9,"13 km SSE of Obock, Djibouti"
503720134500,4.695,33.199,10.0,4.3,"44 km W of Kapoeta, South Sudan"
499349316330,9.463,39.648,10.0,4.7,"27 km SSE of Debre Birhan, Ethiopia"
493364760470,5.518,36.143,10.0,5.4,"55 km WSW of Bako, Ethiopia"
492899864400,8.301,38.524,33.0,4.9,"26 km NE of Butaj?ra, Ethiopia"
486705143600,11.69,43.4,10.0,5.2,"29 km ENE of Djibouti, Djibouti"
486701026060,11.884,43.769,10.0,5.1,"53 km E of Obock, Djibouti"
466411109800,14.653,40.318,33.0,4.1,"101 km ENE of ?d?grat, Ethiopia"
464822621430,14.861,44.338,10.0,4.8,"34 km S of Sayy?n, Yemen"
456977203280,13.816,44.666,10.0,4.7,"15 km NNW of A? ??li‘, Yemen"
450432638840,11.373,39.712,10.0,5.0,"27 km NNE of Des?, Ethiopia"
439254519490,7.03,38.599,10.0,5.1,"14 km ESE of Hawassa, Ethiopia"
435386753090,11.557,43.462,10.0,5.3,"25 km ENE of Loyada, Djibouti"
433800584480,11.742,43.198,10.0,5.1,"17 km NNE of Djibouti, Djibouti"
433798785600,11.927,43.159,10.0,4.7,"14 km WSW of Obock, Djibouti"
433796294340,11.912,43.267,10.0,5.5,"6 km SSW of Obock, Djibouti"
433630953460,11.52,43.097,5.3,5.1,"9 km SW of Djibouti, Djibouti"
431199043570,12.669,40.613,10.0,4.8,"105 km NNW of Semera, Ethiopia"
410917913620,14.651,44.413,5.2,4.6,"12 km N of Dham?r, Yemen"
410053995430,14.649,44.463,5.0,5.3,"13 km NNE of Dham?r, Yemen"
409313101770,14.605,44.611,5.0,4.7,"23 km ENE of Dham?r, Yemen"
408835616920,14.599,44.589,5.0,4.2,"20 km ENE of Dham?r, Yemen"
408650230270,14.734,44.086,5.0,4.6,"40 km WNW of Dham?r, Yemen"
408644914690,14.691,44.4,5.0,4.0,"16 km N of Dham?r, Yemen"
408618768050,14.701,44.379,5.0,6.3,"17 km N of Dham?r, Yemen"
408531061970,12.013,45.932,10.0,4.8,"129 km SE of Aden, Yemen"
408176377790,12.08,46.077,10.0,5.6,"137 km SE of Aden, Yemen"
348740029700,12.489,47.931,10.0,5.0,"149 km N of Las Khorey, Somalia"
336749880000,12.173,45.98,10.0,4.8,Near the coast of Yemen
336607533300,12.128,46.006,10.0,4.7,"127 km SE of Aden, Yemen"
335155313000,10.066,43.118,10.0,4.4,"35 km WNW of Baki, Somalia"
332206305900,9.98,43.133,10.0,4.5,"29 km WNW of Baki, Somalia"
330631396000,10.609,43.003,26.0,4.4,"68 km SSE of 'Ali Sabieh, Djibouti"
328534994000,10.007,43.226,10.0,4.3,"21 km NW of Baki, Somalia"
328521770400,10.0,43.102,10.0,5.2,"33 km WNW of Baki, Somalia"
327346842300,9.98,43.035,10.0,4.9,"39 km WNW of Baki, Somalia"
327044130600,10.165,43.078,10.0,4.6,"45 km NW of Baki, Somalia"
326193920300,10.135,43.131,10.0,4.1,"38 km NW of Baki, Somalia"
326187990100,9.941,43.296,10.0,4.5,"11 km WNW of Baki, Somalia"
326172655600,10.013,43.125,10.0,5.3,"31 km WNW of Baki, Somalia"
325890322700,10.162,43.012,10.0,4.4,"50 km NW of Baki, Somalia"
325882465200,10.081,43.148,10.0,4.6,"33 km NW of Baki, Somalia"
311360496700,13.221,40.046,33.0,4.2,"68 km ESE of Mek'ele, Ethiopia"
311103764800,14.88,39.64,10.0,4.3,"28 km E of Adi Keyh, Eritrea"
308965298700,11.782,43.465,10.0,5.2,"28 km SE of Obock, Djibouti"
308960047900,10.817,42.888,10.0,5.1,"42 km SSE of 'Ali Sabieh, Djibouti"
308956489700,11.73,43.693,10.0,5.1,"51 km ESE of Obock, Djibouti"
308955286100,11.659,43.786,7.0,5.6,"62 km ENE of Loyada, Djibouti"
308954754400,11.61,43.858,10.0,5.3,"68 km ENE of Loyada, Djibouti"
308954099000,11.799,43.474,10.0,5.2,"27 km SE of Obock, Djibouti"
308945492100,11.818,43.692,10.0,5.1,"46 km ESE of Obock, Djibouti"
308937470800,11.825,43.578,10.0,5.2,"35 km ESE of Obock, Djibouti"
308927930500,11.843,43.613,10.0,5.1,"37 km ESE of Obock, Djibouti"
306614892800,12.239,40.359,33.0,5.0,Ethiopia
305845045000,12.022,46.032,10.0,4.9,"136 km SE of Aden, Yemen"
305743643300,12.059,46.12,10.0,4.6,"142 km SE of Aden, Yemen"
302748506600,12.546,40.666,35.0,4.5,"91 km NNW of Semera, Ethiopia"
296536752500,3.826,47.315,33.0,4.9,"15 km E of Ceeldheer, Somalia"
283061035700,11.513,43.093,33.0,5.4,"10 km SW of Djibouti, Djibouti"
279362685900,11.352,42.996,33.0,4.6,"7 km S of Goubétto, Djibouti"
279358942200,11.692,42.367,33.0,4.8,"52 km SSW of Dorra, Djibouti"
279349681700,11.555,42.572,62.0,4.9,"30 km W of Arta, Djibouti"
279316443600,11.664,42.608,33.0,4.3,"30 km WNW of Arta, Djibouti"
279314393700,11.42,42.79,33.0,4.3,"13 km SSW of Arta, Djibouti"
279306355200,11.544,42.587,33.0,5.4,"28 km W of Arta, Djibouti"
279269058500,11.66,42.596,33.0,4.6,"31 km WNW of Arta, Djibouti"
279246206600,10.101,42.713,33.0,4.6,"77 km WNW of Baki, Somalia"
274709870900,12.437,47.922,33.0,5.0,"144 km NNW of Las Khorey, Somalia"
274647825100,12.806,47.778,33.0,4.7,"187 km NNW of Las Khorey, Somalia"
274605257000,12.517,47.832,33.0,4.8,"155 km NNW of Las Khorey, Somalia"
274597301300,12.069,47.211,33.0,4.7,"147 km NW of Las Khorey, Somalia"
263802006500,13.001,40.015,33.0,4.8,"56 km ENE of Maych’ew, Ethiopia"
250164177100,12.695,40.474,33.0,4.5,"101 km E of Maych’ew, Ethiopia"
237190982400,10.94,39.629,38.0,5.0,"20 km SW of Kombolcha, Ethiopia"
208211546500,13.201,39.755,33.0,4.7,"44 km SE of Mek'ele, Ethiopia"
187831645900,14.735,42.318,33.0,5.3,"68 km W of Al ?udaydah, Yemen"
187831007600,14.62,42.24,33.0,5.3,"79 km WSW of Al ?udaydah, Yemen"
178061721700,10.617,39.732,33.0,5.2,Ethiopia
166848908800,14.632,40.69,33.0,4.5,"133 km NW of Edd, Eritrea"
141062637200,12.805,46.844,33.0,4.5,"158 km SE of Jawf al Maqb?bah, Yemen"
131040315700,9.843,40.032,33.0,4.5,"16 km SSE of Abomsa, Ethiopia"
103558436900,11.943,43.789,33.0,4.8,"54 km E of Obock, Djibouti"
103342173100,11.783,42.847,33.0,4.6,"3 km W of Tadjourah, Djibouti"
103058258700,11.757,42.786,33.0,4.5,"11 km WSW of Tadjourah, Djibouti"
103052202800,11.69,43.021,33.0,4.7,"17 km NW of Djibouti, Djibouti"
102823152600,12.253,46.423,33.0,4.6,"149 km SE of Zinjib?r, Yemen"
102808318400,12.16,46.192,33.0,4.5,"138 km SE of Zinjib?r, Yemen"
102498081500,11.819,42.794,33.0,4.7,"10 km WNW of Tadjourah, Djibouti"
102497920500,11.645,42.931,33.0,4.9,"15 km NNE of Arta, Djibouti"
102496357000,11.663,43.035,31.0,5.9,"14 km NW of Djibouti, Djibouti"
102493767700,11.613,42.927,33.0,4.8,"12 km NE of Arta, Djibouti"
102178746700,11.748,42.87,33.0,5.2,"4 km SSW of Tadjourah, Djibouti"
102176332300,11.703,42.927,33.0,5.4,"10 km SSE of Tadjourah, Djibouti"
102174126700,11.739,42.746,33.0,5.3,"15 km WSW of Tadjourah, Djibouti"
102173704500,11.673,42.83,33.0,5.0,"13 km SSW of Tadjourah, Djibouti"
102163530300,11.819,42.698,33.0,4.6,"20 km W of Tadjourah, Djibouti"
95257032600,5.266,36.849,34.0,4.9,"47 km SSE of Jinka, Ethiopia"
58895261710,10.867,39.861,10.0,5.32,"16 km N of Kemis?, Ethiopia"
-20812462200,11.762,41.479,15.0,5.16,"21 km NNE of Asaita, Ethiopia"
-23147161630,11.918,41.486,15.0,5.21,"39 km N of Asaita, Ethiopia"
-23267295400,11.857,41.495,10.0,5.71,"32 km N of Asaita, Ethiopia"
-23341523800,12.066,41.389,15.0,5.19,"49 km NE of Dubti, Ethiopia"
-23406088070,11.884,41.338,15.0,6.1,"32 km ENE of Dubti, Ethiopia"
-23971904360,11.936,41.379,13.6,5.37,"39 km NE of Dubti, Ethiopia"
-23979148870,12.07,41.222,15.0,5.47,"38 km NE of Semera, Ethiopia"
-23979309510,11.886,41.341,10.0,5.81,"32 km ENE of Dubti, Ethiopia"
-23985846460,11.875,41.208,10.0,6.2,"20 km NE of Dubti, Ethiopia"
-61188106820,8.603,37.619,15.0,5.19,"38 km WNW of Waliso, Ethiopia"
-82714042670,14.569,40.156,15.0,5.23,"81 km ENE of ?d?grat, Ethiopia"
-144152164840,11.449,41.586,10.0,5.23,"20 km SE of Asaita, Ethiopia"
-173421689890,11.165,39.821,10.0,5.2,"12 km NE of Kombolcha, Ethiopia"
-196938132800,11.446,42.765,15.0,5.91,"13 km SW of Arta, Djibouti"
-269296705540,11.932,44.212,20.0,5.6,"100 km E of Obock, Djibouti"
-269753257620,10.364,39.638,20.0,5.66,"33 km SE of Were ?lu, Ethiopia"
-270722198880,10.305,40.138,20.0,5.44,Ethiopia
-270838629710,9.957,39.723,15.0,5.62,"12 km NNW of Debre S?na, Ethiopia"
-270843303990,10.257,39.867,20.0,5.92,"32 km NNW of Abomsa, Ethiopia"
-270846523740,10.162,39.764,20.0,6.03,"31 km NW of Abomsa, Ethiopia"
-270865834370,10.466,39.717,25.0,6.15,"32 km SSW of Kemis?, Ethiopia"
-278003931310,11.64,43.065,15.0,6.19,"10 km WNW of Djibouti, Djibouti"
-315337404100,11.374,42.609,15.0,6.07,"26 km NNW of 'Ali Sabieh, Djibouti"
-366239168800,11.858,43.891,15.0,5.47,"66 km E of Obock, Djibouti"
-401443273030,11.24,43.224,15.0,5.45,"24 km S of Loyada, Djibouti"
-489321184040,5.691,37.145,15.0,6.02,"24 km W of G?dol?, Ethiopia"
-546188031550,13.83,39.83,15.0,5.7,"53 km NE of Mek'ele, Ethiopia"
-583739042510,11.007,46.004,15.0,5.63,"125 km ENE of Berbera, Somalia"
-583785374160,11.66,45.545,15.0,5.75,"135 km SSE of Aden, Yemen"
-612699002370,14.471,39.792,15.0,5.83,"41 km ENE of ?d?grat, Ethiopia"
-620070567130,11.808,47.355,15.0,5.73,"116 km NW of Las Khorey, Somalia"
-623833591900,14.485,39.628,15.0,5.57,"29 km NE of ?d?grat, Ethiopia"
